<?xml version="1.0" encoding="UTF-8"?>
<!DOCTYPE mapper PUBLIC "-//mybatis.org//DTD Mapper 3.0//EN" "http://mybatis.org/dtd/mybatis-3-mapper.dtd">
<mapper namespace="cn.edu.sicnu.cs.dao.CompanyMapper">
  <resultMap id="BaseResultMap" type="cn.edu.sicnu.cs.model.Company">
    <id column="cid" jdbcType="INTEGER" property="cid" />
    <result column="cname" jdbcType="VARCHAR" property="cname" />
    <result column="cmobile" jdbcType="VARCHAR" property="cmobile" />
    <result column="caddress" jdbcType="VARCHAR" property="caddress" />
    <result column="czipcode" jdbcType="VARCHAR" property="czipcode" />
    <result column="cwebsite" jdbcType="VARCHAR" property="cwebsite" />
    <result column="cdeleted" jdbcType="CHAR" property="cdeleted" />
  </resultMap>
  <sql id="Example_Where_Clause">
    <where>
      <foreach collection="oredCriteria" item="criteria" separator="or">
        <if test="criteria.valid">
          <trim prefix="(" prefixOverrides="and" suffix=")">
            <foreach collection="criteria.criteria" item="criterion">
              <choose>
                <when test="criterion.noValue">
                  and ${criterion.condition}
                </when>
                <when test="criterion.singleValue">
                  and ${criterion.condition} #{criterion.value}
                </when>
                <when test="criterion.betweenValue">
                  and ${criterion.condition} #{criterion.value} and #{criterion.secondValue}
                </when>
                <when test="criterion.listValue">
                  and ${criterion.condition}
                  <foreach close=")" collection="criterion.value" item="listItem" open="(" separator=",">
                    #{listItem}
                  </foreach>
                </when>
              </choose>
            </foreach>
          </trim>
        </if>
      </foreach>
    </where>
  </sql>
  <sql id="Update_By_Example_Where_Clause">
    <where>
      <foreach collection="example.oredCriteria" item="criteria" separator="or">
        <if test="criteria.valid">
          <trim prefix="(" prefixOverrides="and" suffix=")">
            <foreach collection="criteria.criteria" item="criterion">
              <choose>
                <when test="criterion.noValue">
                  and ${criterion.condition}
                </when>
                <when test="criterion.singleValue">
                  and ${criterion.condition} #{criterion.value}
                </when>
                <when test="criterion.betweenValue">
                  and ${criterion.condition} #{criterion.value} and #{criterion.secondValue}
                </when>
                <when test="criterion.listValue">
                  and ${criterion.condition}
                  <foreach close=")" collection="criterion.value" item="listItem" open="(" separator=",">
                    #{listItem}
                  </foreach>
                </when>
              </choose>
            </foreach>
          </trim>
        </if>
      </foreach>
    </where>
  </sql>
  <sql id="Base_Column_List">
    cid, cname, cmobile, caddress, czipcode, cwebsite, cdeleted
  </sql>
  <select id="selectByExample" parameterType="cn.edu.sicnu.cs.model.CompanyExample" resultMap="BaseResultMap">
    select
    <if test="distinct">
      distinct
    </if>
    <include refid="Base_Column_List" />
    from company
    <if test="_parameter != null">
      <include refid="Example_Where_Clause" />
    </if>
    <if test="orderByClause != null">
      order by ${orderByClause}
    </if>
  </select>
  <select id="selectByPrimaryKey" parameterType="java.lang.Integer" resultMap="BaseResultMap">
    select 
    <include refid="Base_Column_List" />
    from company
    where cid = #{cid,jdbcType=INTEGER}
  </select>
  <delete id="deleteByPrimaryKey" parameterType="java.lang.Integer">
    delete from company
    where cid = #{cid,jdbcType=INTEGER}
  </delete>
  <delete id="deleteByExample" parameterType="cn.edu.sicnu.cs.model.CompanyExample">
    delete from company
    <if test="_parameter != null">
      <include refid="Example_Where_Clause" />
    </if>
  </delete>
  <insert id="insert" parameterType="cn.edu.sicnu.cs.model.Company">
    insert into company (cid, cname, cmobile, 
      caddress, czipcode, cwebsite, 
      cdeleted)
    values (#{cid,jdbcType=INTEGER}, #{cname,jdbcType=VARCHAR}, #{cmobile,jdbcType=VARCHAR}, 
      #{caddress,jdbcType=VARCHAR}, #{czipcode,jdbcType=VARCHAR}, #{cwebsite,jdbcType=VARCHAR}, 
      #{cdeleted,jdbcType=CHAR})
  </insert>
  <insert id="insertSelective" parameterType="cn.edu.sicnu.cs.model.Company">
    insert into company
    <trim prefix="(" suffix=")" suffixOverrides=",">
      <if test="cid != null">
        cid,
      </if>
      <if test="cname != null">
        cname,
      </if>
      <if test="cmobile != null">
        cmobile,
      </if>
      <if test="caddress != null">
        caddress,
      </if>
      <if test="czipcode != null">
        czipcode,
      </if>
      <if test="cwebsite != null">
        cwebsite,
      </if>
      <if test="cdeleted != null">
        cdeleted,
      </if>
    </trim>
    <trim prefix="values (" suffix=")" suffixOverrides=",">
      <if test="cid != null">
        #{cid,jdbcType=INTEGER},
      </if>
      <if test="cname != null">
        #{cname,jdbcType=VARCHAR},
      </if>
      <if test="cmobile != null">
        #{cmobile,jdbcType=VARCHAR},
      </if>
      <if test="caddress != null">
        #{caddress,jdbcType=VARCHAR},
      </if>
      <if test="czipcode != null">
        #{czipcode,jdbcType=VARCHAR},
      </if>
      <if test="cwebsite != null">
        #{cwebsite,jdbcType=VARCHAR},
      </if>
      <if test="cdeleted != null">
        #{cdeleted,jdbcType=CHAR},
      </if>
    </trim>
  </insert>
  <select id="countByExample" parameterType="cn.edu.sicnu.cs.model.CompanyExample" resultType="java.lang.Long">
    select count(*) from company
    <if test="_parameter != null">
      <include refid="Example_Where_Clause" />
    </if>
  </select>
  <update id="updateByExampleSelective" parameterType="map">
    update company
    <set>
      <if test="record.cid != null">
        cid = #{record.cid,jdbcType=INTEGER},
      </if>
      <if test="record.cname != null">
        cname = #{record.cname,jdbcType=VARCHAR},
      </if>
      <if test="record.cmobile != null">
        cmobile = #{record.cmobile,jdbcType=VARCHAR},
      </if>
      <if test="record.caddress != null">
        caddress = #{record.caddress,jdbcType=VARCHAR},
      </if>
      <if test="record.czipcode != null">
        czipcode = #{record.czipcode,jdbcType=VARCHAR},
      </if>
      <if test="record.cwebsite != null">
        cwebsite = #{record.cwebsite,jdbcType=VARCHAR},
      </if>
      <if test="record.cdeleted != null">
        cdeleted = #{record.cdeleted,jdbcType=CHAR},
      </if>
    </set>
    <if test="_parameter != null">
      <include refid="Update_By_Example_Where_Clause" />
    </if>
  </update>
  <update id="updateByExample" parameterType="map">
    update company
    set cid = #{record.cid,jdbcType=INTEGER},
      cname = #{record.cname,jdbcType=VARCHAR},
      cmobile = #{record.cmobile,jdbcType=VARCHAR},
      caddress = #{record.caddress,jdbcType=VARCHAR},
      czipcode = #{record.czipcode,jdbcType=VARCHAR},
      cwebsite = #{record.cwebsite,jdbcType=VARCHAR},
      cdeleted = #{record.cdeleted,jdbcType=CHAR}
    <if test="_parameter != null">
      <include refid="Update_By_Example_Where_Clause" />
    </if>
  </update>
  <update id="updateByPrimaryKeySelective" parameterType="cn.edu.sicnu.cs.model.Company">
    update company
    <set>
      <if test="cname != null">
        cname = #{cname,jdbcType=VARCHAR},
      </if>
      <if test="cmobile != null">
        cmobile = #{cmobile,jdbcType=VARCHAR},
      </if>
      <if test="caddress != null">
        caddress = #{caddress,jdbcType=VARCHAR},
      </if>
      <if test="czipcode != null">
        czipcode = #{czipcode,jdbcType=VARCHAR},
      </if>
      <if test="cwebsite != null">
        cwebsite = #{cwebsite,jdbcType=VARCHAR},
      </if>
      <if test="cdeleted != null">
        cdeleted = #{cdeleted,jdbcType=CHAR},
      </if>
    </set>
    where cid = #{cid,jdbcType=INTEGER}
  </update>
  <update id="updateByPrimaryKey" parameterType="cn.edu.sicnu.cs.model.Company">
    update company
    set cname = #{cname,jdbcType=VARCHAR},
      cmobile = #{cmobile,jdbcType=VARCHAR},
      caddress = #{caddress,jdbcType=VARCHAR},
      czipcode = #{czipcode,jdbcType=VARCHAR},
      cwebsite = #{cwebsite,jdbcType=VARCHAR},
      cdeleted = #{cdeleted,jdbcType=CHAR}
    where cid = #{cid,jdbcType=INTEGER}
  </update>
</mapper>