<?xml version="1.0" encoding="UTF-8"?>
<!DOCTYPE mapper PUBLIC "-//mybatis.org//DTD Mapper 3.0//EN" "http://mybatis.org/dtd/mybatis-3-mapper.dtd">
<mapper namespace="cn.edu.sicnu.cs.dao.DepartmentMapper">
  <resultMap id="BaseResultMap" type="cn.edu.sicnu.cs.model.Department">
    <id column="did" jdbcType="INTEGER" property="did" />
    <result column="dname" jdbcType="VARCHAR" property="dname" />
    <result column="dmobile" jdbcType="VARCHAR" property="dmobile" />
    <result column="ddeleted" jdbcType="CHAR" property="ddeleted" />
  </resultMap>
  <sql id="Example_Where_Clause">
    <where>
      <foreach collection="oredCriteria" item="criteria" separator="or">
        <if test="criteria.valid">
          <trim prefix="(" prefixOverrides="and" suffix=")">
            <foreach collection="criteria.criteria" item="criterion">
              <choose>
                <when test="criterion.noValue">
                  and ${criterion.condition}
                </when>
                <when test="criterion.singleValue">
                  and ${criterion.condition} #{criterion.value}
                </when>
                <when test="criterion.betweenValue">
                  and ${criterion.condition} #{criterion.value} and #{criterion.secondValue}
                </when>
                <when test="criterion.listValue">
                  and ${criterion.condition}
                  <foreach close=")" collection="criterion.value" item="listItem" open="(" separator=",">
                    #{listItem}
                  </foreach>
                </when>
              </choose>
            </foreach>
          </trim>
        </if>
      </foreach>
    </where>
  </sql>
  <sql id="Update_By_Example_Where_Clause">
    <where>
      <foreach collection="example.oredCriteria" item="criteria" separator="or">
        <if test="criteria.valid">
          <trim prefix="(" prefixOverrides="and" suffix=")">
            <foreach collection="criteria.criteria" item="criterion">
              <choose>
                <when test="criterion.noValue">
                  and ${criterion.condition}
                </when>
                <when test="criterion.singleValue">
                  and ${criterion.condition} #{criterion.value}
                </when>
                <when test="criterion.betweenValue">
                  and ${criterion.condition} #{criterion.value} and #{criterion.secondValue}
                </when>
                <when test="criterion.listValue">
                  and ${criterion.condition}
                  <foreach close=")" collection="criterion.value" item="listItem" open="(" separator=",">
                    #{listItem}
                  </foreach>
                </when>
              </choose>
            </foreach>
          </trim>
        </if>
      </foreach>
    </where>
  </sql>
  <sql id="Base_Column_List">
    did, dname, dmobile, ddeleted
  </sql>
  <select id="selectByExample" parameterType="cn.edu.sicnu.cs.model.DepartmentExample" resultMap="BaseResultMap">
    select
    <if test="distinct">
      distinct
    </if>
    <include refid="Base_Column_List" />
    from department
    <if test="_parameter != null">
      <include refid="Example_Where_Clause" />
    </if>
    <if test="orderByClause != null">
      order by ${orderByClause}
    </if>
  </select>
  <select id="selectByPrimaryKey" parameterType="java.lang.Integer" resultMap="BaseResultMap">
    select 
    <include refid="Base_Column_List" />
    from department
    where did = #{did,jdbcType=INTEGER}
  </select>
  <delete id="deleteByPrimaryKey" parameterType="java.lang.Integer">
    delete from department
    where did = #{did,jdbcType=INTEGER}
  </delete>
  <delete id="deleteByExample" parameterType="cn.edu.sicnu.cs.model.DepartmentExample">
    delete from department
    <if test="_parameter != null">
      <include refid="Example_Where_Clause" />
    </if>
  </delete>
  <insert id="insert" parameterType="cn.edu.sicnu.cs.model.Department">
    insert into department (did, dname, dmobile, 
      ddeleted)
    values (#{did,jdbcType=INTEGER}, #{dname,jdbcType=VARCHAR}, #{dmobile,jdbcType=VARCHAR}, 
      #{ddeleted,jdbcType=CHAR})
  </insert>
  <insert id="insertSelective" parameterType="cn.edu.sicnu.cs.model.Department">
    insert into department
    <trim prefix="(" suffix=")" suffixOverrides=",">
      <if test="did != null">
        did,
      </if>
      <if test="dname != null">
        dname,
      </if>
      <if test="dmobile != null">
        dmobile,
      </if>
      <if test="ddeleted != null">
        ddeleted,
      </if>
    </trim>
    <trim prefix="values (" suffix=")" suffixOverrides=",">
      <if test="did != null">
        #{did,jdbcType=INTEGER},
      </if>
      <if test="dname != null">
        #{dname,jdbcType=VARCHAR},
      </if>
      <if test="dmobile != null">
        #{dmobile,jdbcType=VARCHAR},
      </if>
      <if test="ddeleted != null">
        #{ddeleted,jdbcType=CHAR},
      </if>
    </trim>
  </insert>
  <select id="countByExample" parameterType="cn.edu.sicnu.cs.model.DepartmentExample" resultType="java.lang.Long">
    select count(*) from department
    <if test="_parameter != null">
      <include refid="Example_Where_Clause" />
    </if>
  </select>
  <update id="updateByExampleSelective" parameterType="map">
    update department
    <set>
      <if test="record.did != null">
        did = #{record.did,jdbcType=INTEGER},
      </if>
      <if test="record.dname != null">
        dname = #{record.dname,jdbcType=VARCHAR},
      </if>
      <if test="record.dmobile != null">
        dmobile = #{record.dmobile,jdbcType=VARCHAR},
      </if>
      <if test="record.ddeleted != null">
        ddeleted = #{record.ddeleted,jdbcType=CHAR},
      </if>
    </set>
    <if test="_parameter != null">
      <include refid="Update_By_Example_Where_Clause" />
    </if>
  </update>
  <update id="updateByExample" parameterType="map">
    update department
    set did = #{record.did,jdbcType=INTEGER},
      dname = #{record.dname,jdbcType=VARCHAR},
      dmobile = #{record.dmobile,jdbcType=VARCHAR},
      ddeleted = #{record.ddeleted,jdbcType=CHAR}
    <if test="_parameter != null">
      <include refid="Update_By_Example_Where_Clause" />
    </if>
  </update>
  <update id="updateByPrimaryKeySelective" parameterType="cn.edu.sicnu.cs.model.Department">
    update department
    <set>
      <if test="dname != null">
        dname = #{dname,jdbcType=VARCHAR},
      </if>
      <if test="dmobile != null">
        dmobile = #{dmobile,jdbcType=VARCHAR},
      </if>
      <if test="ddeleted != null">
        ddeleted = #{ddeleted,jdbcType=CHAR},
      </if>
    </set>
    where did = #{did,jdbcType=INTEGER}
  </update>
  <update id="updateByPrimaryKey" parameterType="cn.edu.sicnu.cs.model.Department">
    update department
    set dname = #{dname,jdbcType=VARCHAR},
      dmobile = #{dmobile,jdbcType=VARCHAR},
      ddeleted = #{ddeleted,jdbcType=CHAR}
    where did = #{did,jdbcType=INTEGER}
  </update>
</mapper>