<?xml version="1.0" encoding="UTF-8"?>
<!DOCTYPE mapper PUBLIC "-//mybatis.org//DTD Mapper 3.0//EN" "http://mybatis.org/dtd/mybatis-3-mapper.dtd">
<mapper namespace="cn.edu.sicnu.cs.dao.Front_dic_itemMapper">
  <resultMap id="BaseResultMap" type="cn.edu.sicnu.cs.model.Front_dic_item">
    <id column="fdi_id" jdbcType="INTEGER" property="fdiId" />
    <result column="fdi_type_id" jdbcType="INTEGER" property="fdiTypeId" />
    <result column="fdi_name" jdbcType="VARCHAR" property="fdiName" />
  </resultMap>
  <sql id="Example_Where_Clause">
    <where>
      <foreach collection="oredCriteria" item="criteria" separator="or">
        <if test="criteria.valid">
          <trim prefix="(" prefixOverrides="and" suffix=")">
            <foreach collection="criteria.criteria" item="criterion">
              <choose>
                <when test="criterion.noValue">
                  and ${criterion.condition}
                </when>
                <when test="criterion.singleValue">
                  and ${criterion.condition} #{criterion.value}
                </when>
                <when test="criterion.betweenValue">
                  and ${criterion.condition} #{criterion.value} and #{criterion.secondValue}
                </when>
                <when test="criterion.listValue">
                  and ${criterion.condition}
                  <foreach close=")" collection="criterion.value" item="listItem" open="(" separator=",">
                    #{listItem}
                  </foreach>
                </when>
              </choose>
            </foreach>
          </trim>
        </if>
      </foreach>
    </where>
  </sql>
  <sql id="Update_By_Example_Where_Clause">
    <where>
      <foreach collection="example.oredCriteria" item="criteria" separator="or">
        <if test="criteria.valid">
          <trim prefix="(" prefixOverrides="and" suffix=")">
            <foreach collection="criteria.criteria" item="criterion">
              <choose>
                <when test="criterion.noValue">
                  and ${criterion.condition}
                </when>
                <when test="criterion.singleValue">
                  and ${criterion.condition} #{criterion.value}
                </when>
                <when test="criterion.betweenValue">
                  and ${criterion.condition} #{criterion.value} and #{criterion.secondValue}
                </when>
                <when test="criterion.listValue">
                  and ${criterion.condition}
                  <foreach close=")" collection="criterion.value" item="listItem" open="(" separator=",">
                    #{listItem}
                  </foreach>
                </when>
              </choose>
            </foreach>
          </trim>
        </if>
      </foreach>
    </where>
  </sql>
  <sql id="Base_Column_List">
    fdi_id, fdi_type_id, fdi_name
  </sql>
  <select id="selectByExample" parameterType="cn.edu.sicnu.cs.model.Front_dic_itemExample" resultMap="BaseResultMap">
    select
    <if test="distinct">
      distinct
    </if>
    <include refid="Base_Column_List" />
    from front_dic_item
    <if test="_parameter != null">
      <include refid="Example_Where_Clause" />
    </if>
    <if test="orderByClause != null">
      order by ${orderByClause}
    </if>
  </select>
  <select id="selectByPrimaryKey" parameterType="java.lang.Integer" resultMap="BaseResultMap">
    select 
    <include refid="Base_Column_List" />
    from front_dic_item
    where fdi_id = #{fdiId,jdbcType=INTEGER}
  </select>
  <delete id="deleteByPrimaryKey" parameterType="java.lang.Integer">
    delete from front_dic_item
    where fdi_id = #{fdiId,jdbcType=INTEGER}
  </delete>
  <delete id="deleteByExample" parameterType="cn.edu.sicnu.cs.model.Front_dic_itemExample">
    delete from front_dic_item
    <if test="_parameter != null">
      <include refid="Example_Where_Clause" />
    </if>
  </delete>
  <insert id="insert" parameterType="cn.edu.sicnu.cs.model.Front_dic_item">
    insert into front_dic_item (fdi_id, fdi_type_id, fdi_name
      )
    values (#{fdiId,jdbcType=INTEGER}, #{fdiTypeId,jdbcType=INTEGER}, #{fdiName,jdbcType=VARCHAR}
      )
  </insert>
  <insert id="insertSelective" parameterType="cn.edu.sicnu.cs.model.Front_dic_item">
    insert into front_dic_item
    <trim prefix="(" suffix=")" suffixOverrides=",">
      <if test="fdiId != null">
        fdi_id,
      </if>
      <if test="fdiTypeId != null">
        fdi_type_id,
      </if>
      <if test="fdiName != null">
        fdi_name,
      </if>
    </trim>
    <trim prefix="values (" suffix=")" suffixOverrides=",">
      <if test="fdiId != null">
        #{fdiId,jdbcType=INTEGER},
      </if>
      <if test="fdiTypeId != null">
        #{fdiTypeId,jdbcType=INTEGER},
      </if>
      <if test="fdiName != null">
        #{fdiName,jdbcType=VARCHAR},
      </if>
    </trim>
  </insert>
  <select id="countByExample" parameterType="cn.edu.sicnu.cs.model.Front_dic_itemExample" resultType="java.lang.Long">
    select count(*) from front_dic_item
    <if test="_parameter != null">
      <include refid="Example_Where_Clause" />
    </if>
  </select>
  <update id="updateByExampleSelective" parameterType="map">
    update front_dic_item
    <set>
      <if test="record.fdiId != null">
        fdi_id = #{record.fdiId,jdbcType=INTEGER},
      </if>
      <if test="record.fdiTypeId != null">
        fdi_type_id = #{record.fdiTypeId,jdbcType=INTEGER},
      </if>
      <if test="record.fdiName != null">
        fdi_name = #{record.fdiName,jdbcType=VARCHAR},
      </if>
    </set>
    <if test="_parameter != null">
      <include refid="Update_By_Example_Where_Clause" />
    </if>
  </update>
  <update id="updateByExample" parameterType="map">
    update front_dic_item
    set fdi_id = #{record.fdiId,jdbcType=INTEGER},
      fdi_type_id = #{record.fdiTypeId,jdbcType=INTEGER},
      fdi_name = #{record.fdiName,jdbcType=VARCHAR}
    <if test="_parameter != null">
      <include refid="Update_By_Example_Where_Clause" />
    </if>
  </update>
  <update id="updateByPrimaryKeySelective" parameterType="cn.edu.sicnu.cs.model.Front_dic_item">
    update front_dic_item
    <set>
      <if test="fdiTypeId != null">
        fdi_type_id = #{fdiTypeId,jdbcType=INTEGER},
      </if>
      <if test="fdiName != null">
        fdi_name = #{fdiName,jdbcType=VARCHAR},
      </if>
    </set>
    where fdi_id = #{fdiId,jdbcType=INTEGER}
  </update>
  <update id="updateByPrimaryKey" parameterType="cn.edu.sicnu.cs.model.Front_dic_item">
    update front_dic_item
    set fdi_type_id = #{fdiTypeId,jdbcType=INTEGER},
      fdi_name = #{fdiName,jdbcType=VARCHAR}
    where fdi_id = #{fdiId,jdbcType=INTEGER}
  </update>
</mapper>