<?xml version="1.0" encoding="UTF-8"?>
<!DOCTYPE mapper PUBLIC "-//mybatis.org//DTD Mapper 3.0//EN" "http://mybatis.org/dtd/mybatis-3-mapper.dtd">
<mapper namespace="cn.edu.sicnu.cs.dao.MetaoperationMapper">

<!--  <cache type="cn.edu.sicnu.cs.cache.RedisCache"/>-->

  <resultMap id="BaseResultMap" type="cn.edu.sicnu.cs.model.Metaoperation">
    <id column="moid" jdbcType="INTEGER" property="moid" />
    <result column="moname" jdbcType="VARCHAR" property="moname" />
    <result column="molurl" jdbcType="VARCHAR" property="molurl" />
    <result column="momethod" jdbcType="CHAR" property="momethod" />
    <result column="modesc" jdbcType="VARCHAR" property="modesc" />
  </resultMap>
  <sql id="Example_Where_Clause">
    <where>
      <foreach collection="oredCriteria" item="criteria" separator="or">
        <if test="criteria.valid">
          <trim prefix="(" prefixOverrides="and" suffix=")">
            <foreach collection="criteria.criteria" item="criterion">
              <choose>
                <when test="criterion.noValue">
                  and ${criterion.condition}
                </when>
                <when test="criterion.singleValue">
                  and ${criterion.condition} #{criterion.value}
                </when>
                <when test="criterion.betweenValue">
                  and ${criterion.condition} #{criterion.value} and #{criterion.secondValue}
                </when>
                <when test="criterion.listValue">
                  and ${criterion.condition}
                  <foreach close=")" collection="criterion.value" item="listItem" open="(" separator=",">
                    #{listItem}
                  </foreach>
                </when>
              </choose>
            </foreach>
          </trim>
        </if>
      </foreach>
    </where>
  </sql>
  <sql id="Update_By_Example_Where_Clause">
    <where>
      <foreach collection="example.oredCriteria" item="criteria" separator="or">
        <if test="criteria.valid">
          <trim prefix="(" prefixOverrides="and" suffix=")">
            <foreach collection="criteria.criteria" item="criterion">
              <choose>
                <when test="criterion.noValue">
                  and ${criterion.condition}
                </when>
                <when test="criterion.singleValue">
                  and ${criterion.condition} #{criterion.value}
                </when>
                <when test="criterion.betweenValue">
                  and ${criterion.condition} #{criterion.value} and #{criterion.secondValue}
                </when>
                <when test="criterion.listValue">
                  and ${criterion.condition}
                  <foreach close=")" collection="criterion.value" item="listItem" open="(" separator=",">
                    #{listItem}
                  </foreach>
                </when>
              </choose>
            </foreach>
          </trim>
        </if>
      </foreach>
    </where>
  </sql>
  <sql id="Base_Column_List">
    moid, moname, molurl, momethod, modesc
  </sql>
  <select id="selectByExample" parameterType="cn.edu.sicnu.cs.model.MetaoperationExample" resultMap="BaseResultMap">
    select
    <if test="distinct">
      distinct
    </if>
    <include refid="Base_Column_List" />
    from metaoperation
    <if test="_parameter != null">
      <include refid="Example_Where_Clause" />
    </if>
    <if test="orderByClause != null">
      order by ${orderByClause}
    </if>
  </select>
  <select id="selectByPrimaryKey" parameterType="java.lang.Integer" resultMap="BaseResultMap">
    select 
    <include refid="Base_Column_List" />
    from metaoperation
    where moid = #{moid,jdbcType=INTEGER}
  </select>
  <delete id="deleteByPrimaryKey" parameterType="java.lang.Integer">
    delete from metaoperation
    where moid = #{moid,jdbcType=INTEGER}
  </delete>
  <delete id="deleteByExample" parameterType="cn.edu.sicnu.cs.model.MetaoperationExample">
    delete from metaoperation
    <if test="_parameter != null">
      <include refid="Example_Where_Clause" />
    </if>
  </delete>
  <insert id="insert" parameterType="cn.edu.sicnu.cs.model.Metaoperation">
    insert into metaoperation (moid, moname, molurl, 
      momethod, modesc)
    values (#{moid,jdbcType=INTEGER}, #{moname,jdbcType=VARCHAR}, #{molurl,jdbcType=VARCHAR}, 
      #{momethod,jdbcType=CHAR}, #{modesc,jdbcType=VARCHAR})
  </insert>
  <insert id="insertSelective" parameterType="cn.edu.sicnu.cs.model.Metaoperation">
    insert into metaoperation
    <trim prefix="(" suffix=")" suffixOverrides=",">
      <if test="moid != null">
        moid,
      </if>
      <if test="moname != null">
        moname,
      </if>
      <if test="molurl != null">
        molurl,
      </if>
      <if test="momethod != null">
        momethod,
      </if>
      <if test="modesc != null">
        modesc,
      </if>
    </trim>
    <trim prefix="values (" suffix=")" suffixOverrides=",">
      <if test="moid != null">
        #{moid,jdbcType=INTEGER},
      </if>
      <if test="moname != null">
        #{moname,jdbcType=VARCHAR},
      </if>
      <if test="molurl != null">
        #{molurl,jdbcType=VARCHAR},
      </if>
      <if test="momethod != null">
        #{momethod,jdbcType=CHAR},
      </if>
      <if test="modesc != null">
        #{modesc,jdbcType=VARCHAR},
      </if>
    </trim>
  </insert>
  <select id="countByExample" parameterType="cn.edu.sicnu.cs.model.MetaoperationExample" resultType="java.lang.Long">
    select count(*) from metaoperation
    <if test="_parameter != null">
      <include refid="Example_Where_Clause" />
    </if>
  </select>
  <update id="updateByExampleSelective" parameterType="map">
    update metaoperation
    <set>
      <if test="record.moid != null">
        moid = #{record.moid,jdbcType=INTEGER},
      </if>
      <if test="record.moname != null">
        moname = #{record.moname,jdbcType=VARCHAR},
      </if>
      <if test="record.molurl != null">
        molurl = #{record.molurl,jdbcType=VARCHAR},
      </if>
      <if test="record.momethod != null">
        momethod = #{record.momethod,jdbcType=CHAR},
      </if>
      <if test="record.modesc != null">
        modesc = #{record.modesc,jdbcType=VARCHAR},
      </if>
    </set>
    <if test="_parameter != null">
      <include refid="Update_By_Example_Where_Clause" />
    </if>
  </update>
  <update id="updateByExample" parameterType="map">
    update metaoperation
    set moid = #{record.moid,jdbcType=INTEGER},
      moname = #{record.moname,jdbcType=VARCHAR},
      molurl = #{record.molurl,jdbcType=VARCHAR},
      momethod = #{record.momethod,jdbcType=CHAR},
      modesc = #{record.modesc,jdbcType=VARCHAR}
    <if test="_parameter != null">
      <include refid="Update_By_Example_Where_Clause" />
    </if>
  </update>
  <update id="updateByPrimaryKeySelective" parameterType="cn.edu.sicnu.cs.model.Metaoperation">
    update metaoperation
    <set>
      <if test="moname != null">
        moname = #{moname,jdbcType=VARCHAR},
      </if>
      <if test="molurl != null">
        molurl = #{molurl,jdbcType=VARCHAR},
      </if>
      <if test="momethod != null">
        momethod = #{momethod,jdbcType=CHAR},
      </if>
      <if test="modesc != null">
        modesc = #{modesc,jdbcType=VARCHAR},
      </if>
    </set>
    where moid = #{moid,jdbcType=INTEGER}
  </update>
  <update id="updateByPrimaryKey" parameterType="cn.edu.sicnu.cs.model.Metaoperation">
    update metaoperation
    set moname = #{moname,jdbcType=VARCHAR},
      molurl = #{molurl,jdbcType=VARCHAR},
      momethod = #{momethod,jdbcType=CHAR},
      modesc = #{modesc,jdbcType=VARCHAR}
    where moid = #{moid,jdbcType=INTEGER}
  </update>
</mapper>