<?xml version="1.0" encoding="UTF-8"?>
<!DOCTYPE mapper PUBLIC "-//mybatis.org//DTD Mapper 3.0//EN" "http://mybatis.org/dtd/mybatis-3-mapper.dtd">
<mapper namespace="cn.edu.sicnu.cs.dao.PrigroupMapper">

<!--  <cache type="cn.edu.sicnu.cs.cache.RedisCache"/>-->

  <resultMap id="BaseResultMap" type="cn.edu.sicnu.cs.model.Prigroup">
    <id column="pgid" jdbcType="INTEGER" property="pgid" />
    <result column="prigroupname" jdbcType="VARCHAR" property="prigroupname" />
    <result column="prigroupdesc" jdbcType="VARCHAR" property="prigroupdesc" />
  </resultMap>
  <sql id="Example_Where_Clause">
    <where>
      <foreach collection="oredCriteria" item="criteria" separator="or">
        <if test="criteria.valid">
          <trim prefix="(" prefixOverrides="and" suffix=")">
            <foreach collection="criteria.criteria" item="criterion">
              <choose>
                <when test="criterion.noValue">
                  and ${criterion.condition}
                </when>
                <when test="criterion.singleValue">
                  and ${criterion.condition} #{criterion.value}
                </when>
                <when test="criterion.betweenValue">
                  and ${criterion.condition} #{criterion.value} and #{criterion.secondValue}
                </when>
                <when test="criterion.listValue">
                  and ${criterion.condition}
                  <foreach close=")" collection="criterion.value" item="listItem" open="(" separator=",">
                    #{listItem}
                  </foreach>
                </when>
              </choose>
            </foreach>
          </trim>
        </if>
      </foreach>
    </where>
  </sql>
  <sql id="Update_By_Example_Where_Clause">
    <where>
      <foreach collection="example.oredCriteria" item="criteria" separator="or">
        <if test="criteria.valid">
          <trim prefix="(" prefixOverrides="and" suffix=")">
            <foreach collection="criteria.criteria" item="criterion">
              <choose>
                <when test="criterion.noValue">
                  and ${criterion.condition}
                </when>
                <when test="criterion.singleValue">
                  and ${criterion.condition} #{criterion.value}
                </when>
                <when test="criterion.betweenValue">
                  and ${criterion.condition} #{criterion.value} and #{criterion.secondValue}
                </when>
                <when test="criterion.listValue">
                  and ${criterion.condition}
                  <foreach close=")" collection="criterion.value" item="listItem" open="(" separator=",">
                    #{listItem}
                  </foreach>
                </when>
              </choose>
            </foreach>
          </trim>
        </if>
      </foreach>
    </where>
  </sql>
  <sql id="Base_Column_List">
    pgid, prigroupname, prigroupdesc
  </sql>
  <select id="selectByExample" parameterType="cn.edu.sicnu.cs.model.PrigroupExample" resultMap="BaseResultMap">
    select
    <if test="distinct">
      distinct
    </if>
    <include refid="Base_Column_List" />
    from prigroup
    <if test="_parameter != null">
      <include refid="Example_Where_Clause" />
    </if>
    <if test="orderByClause != null">
      order by ${orderByClause}
    </if>
  </select>
  <select id="selectByPrimaryKey" parameterType="java.lang.Integer" resultMap="BaseResultMap">
    select 
    <include refid="Base_Column_List" />
    from prigroup
    where pgid = #{pgid,jdbcType=INTEGER}
  </select>
  <delete id="deleteByPrimaryKey" parameterType="java.lang.Integer">
    delete from prigroup
    where pgid = #{pgid,jdbcType=INTEGER}
  </delete>
  <delete id="deleteByExample" parameterType="cn.edu.sicnu.cs.model.PrigroupExample">
    delete from prigroup
    <if test="_parameter != null">
      <include refid="Example_Where_Clause" />
    </if>
  </delete>
  <insert id="insert" parameterType="cn.edu.sicnu.cs.model.Prigroup">
    insert into prigroup (pgid, prigroupname, prigroupdesc
      )
    values (#{pgid,jdbcType=INTEGER}, #{prigroupname,jdbcType=VARCHAR}, #{prigroupdesc,jdbcType=VARCHAR}
      )
  </insert>
  <insert id="insertSelective" parameterType="cn.edu.sicnu.cs.model.Prigroup">
    insert into prigroup
    <trim prefix="(" suffix=")" suffixOverrides=",">
      <if test="pgid != null">
        pgid,
      </if>
      <if test="prigroupname != null">
        prigroupname,
      </if>
      <if test="prigroupdesc != null">
        prigroupdesc,
      </if>
    </trim>
    <trim prefix="values (" suffix=")" suffixOverrides=",">
      <if test="pgid != null">
        #{pgid,jdbcType=INTEGER},
      </if>
      <if test="prigroupname != null">
        #{prigroupname,jdbcType=VARCHAR},
      </if>
      <if test="prigroupdesc != null">
        #{prigroupdesc,jdbcType=VARCHAR},
      </if>
    </trim>
  </insert>
  <select id="countByExample" parameterType="cn.edu.sicnu.cs.model.PrigroupExample" resultType="java.lang.Long">
    select count(*) from prigroup
    <if test="_parameter != null">
      <include refid="Example_Where_Clause" />
    </if>
  </select>
  <update id="updateByExampleSelective" parameterType="map">
    update prigroup
    <set>
      <if test="record.pgid != null">
        pgid = #{record.pgid,jdbcType=INTEGER},
      </if>
      <if test="record.prigroupname != null">
        prigroupname = #{record.prigroupname,jdbcType=VARCHAR},
      </if>
      <if test="record.prigroupdesc != null">
        prigroupdesc = #{record.prigroupdesc,jdbcType=VARCHAR},
      </if>
    </set>
    <if test="_parameter != null">
      <include refid="Update_By_Example_Where_Clause" />
    </if>
  </update>
  <update id="updateByExample" parameterType="map">
    update prigroup
    set pgid = #{record.pgid,jdbcType=INTEGER},
      prigroupname = #{record.prigroupname,jdbcType=VARCHAR},
      prigroupdesc = #{record.prigroupdesc,jdbcType=VARCHAR}
    <if test="_parameter != null">
      <include refid="Update_By_Example_Where_Clause" />
    </if>
  </update>
  <update id="updateByPrimaryKeySelective" parameterType="cn.edu.sicnu.cs.model.Prigroup">
    update prigroup
    <set>
      <if test="prigroupname != null">
        prigroupname = #{prigroupname,jdbcType=VARCHAR},
      </if>
      <if test="prigroupdesc != null">
        prigroupdesc = #{prigroupdesc,jdbcType=VARCHAR},
      </if>
    </set>
    where pgid = #{pgid,jdbcType=INTEGER}
  </update>
  <update id="updateByPrimaryKey" parameterType="cn.edu.sicnu.cs.model.Prigroup">
    update prigroup
    set prigroupname = #{prigroupname,jdbcType=VARCHAR},
      prigroupdesc = #{prigroupdesc,jdbcType=VARCHAR}
    where pgid = #{pgid,jdbcType=INTEGER}
  </update>
</mapper>