<?xml version="1.0" encoding="UTF-8"?>
<!DOCTYPE mapper PUBLIC "-//mybatis.org//DTD Mapper 3.0//EN" "http://mybatis.org/dtd/mybatis-3-mapper.dtd">
<mapper namespace="cn.edu.sicnu.cs.dao.RoleMapper">

<!--  <cache type="cn.edu.sicnu.cs.cache.RedisCache"/>-->

  <resultMap id="BaseResultMap" type="cn.edu.sicnu.cs.model.Role">
    <id column="rid" jdbcType="INTEGER" property="rid" />
    <result column="rname" jdbcType="VARCHAR" property="rname" />
    <result column="rdesc" jdbcType="VARCHAR" property="rdesc" />
    <result column="rcreatetime" jdbcType="TIMESTAMP" property="rcreatetime" />
  </resultMap>
  <sql id="Example_Where_Clause">
    <where>
      <foreach collection="oredCriteria" item="criteria" separator="or">
        <if test="criteria.valid">
          <trim prefix="(" prefixOverrides="and" suffix=")">
            <foreach collection="criteria.criteria" item="criterion">
              <choose>
                <when test="criterion.noValue">
                  and ${criterion.condition}
                </when>
                <when test="criterion.singleValue">
                  and ${criterion.condition} #{criterion.value}
                </when>
                <when test="criterion.betweenValue">
                  and ${criterion.condition} #{criterion.value} and #{criterion.secondValue}
                </when>
                <when test="criterion.listValue">
                  and ${criterion.condition}
                  <foreach close=")" collection="criterion.value" item="listItem" open="(" separator=",">
                    #{listItem}
                  </foreach>
                </when>
              </choose>
            </foreach>
          </trim>
        </if>
      </foreach>
    </where>
  </sql>
  <sql id="Update_By_Example_Where_Clause">
    <where>
      <foreach collection="example.oredCriteria" item="criteria" separator="or">
        <if test="criteria.valid">
          <trim prefix="(" prefixOverrides="and" suffix=")">
            <foreach collection="criteria.criteria" item="criterion">
              <choose>
                <when test="criterion.noValue">
                  and ${criterion.condition}
                </when>
                <when test="criterion.singleValue">
                  and ${criterion.condition} #{criterion.value}
                </when>
                <when test="criterion.betweenValue">
                  and ${criterion.condition} #{criterion.value} and #{criterion.secondValue}
                </when>
                <when test="criterion.listValue">
                  and ${criterion.condition}
                  <foreach close=")" collection="criterion.value" item="listItem" open="(" separator=",">
                    #{listItem}
                  </foreach>
                </when>
              </choose>
            </foreach>
          </trim>
        </if>
      </foreach>
    </where>
  </sql>
  <sql id="Base_Column_List">
    rid, rname, rdesc, rcreatetime
  </sql>
  <select id="selectByExample" parameterType="cn.edu.sicnu.cs.model.RoleExample" resultMap="BaseResultMap">
    select
    <if test="distinct">
      distinct
    </if>
    <include refid="Base_Column_List" />
    from role
    <if test="_parameter != null">
      <include refid="Example_Where_Clause" />
    </if>
    <if test="orderByClause != null">
      order by ${orderByClause}
    </if>
  </select>
  <select id="selectByPrimaryKey" parameterType="java.lang.Integer" resultMap="BaseResultMap">
    select 
    <include refid="Base_Column_List" />
    from role
    where rid = #{rid,jdbcType=INTEGER}
  </select>
  <delete id="deleteByPrimaryKey" parameterType="java.lang.Integer">
    delete from role
    where rid = #{rid,jdbcType=INTEGER}
  </delete>
  <delete id="deleteByExample" parameterType="cn.edu.sicnu.cs.model.RoleExample">
    delete from role
    <if test="_parameter != null">
      <include refid="Example_Where_Clause" />
    </if>
  </delete>
  <insert id="insert" parameterType="cn.edu.sicnu.cs.model.Role">
    insert into role (rid, rname, rdesc, 
      rcreatetime)
    values (#{rid,jdbcType=INTEGER}, #{rname,jdbcType=VARCHAR}, #{rdesc,jdbcType=VARCHAR}, 
      #{rcreatetime,jdbcType=TIMESTAMP})
  </insert>
  <insert id="insertSelective" parameterType="cn.edu.sicnu.cs.model.Role">
    insert into role
    <trim prefix="(" suffix=")" suffixOverrides=",">
      <if test="rid != null">
        rid,
      </if>
      <if test="rname != null">
        rname,
      </if>
      <if test="rdesc != null">
        rdesc,
      </if>
      <if test="rcreatetime != null">
        rcreatetime,
      </if>
    </trim>
    <trim prefix="values (" suffix=")" suffixOverrides=",">
      <if test="rid != null">
        #{rid,jdbcType=INTEGER},
      </if>
      <if test="rname != null">
        #{rname,jdbcType=VARCHAR},
      </if>
      <if test="rdesc != null">
        #{rdesc,jdbcType=VARCHAR},
      </if>
      <if test="rcreatetime != null">
        #{rcreatetime,jdbcType=TIMESTAMP},
      </if>
    </trim>
  </insert>
  <select id="countByExample" parameterType="cn.edu.sicnu.cs.model.RoleExample" resultType="java.lang.Long">
    select count(*) from role
    <if test="_parameter != null">
      <include refid="Example_Where_Clause" />
    </if>
  </select>
  <update id="updateByExampleSelective" parameterType="map">
    update role
    <set>
      <if test="record.rid != null">
        rid = #{record.rid,jdbcType=INTEGER},
      </if>
      <if test="record.rname != null">
        rname = #{record.rname,jdbcType=VARCHAR},
      </if>
      <if test="record.rdesc != null">
        rdesc = #{record.rdesc,jdbcType=VARCHAR},
      </if>
      <if test="record.rcreatetime != null">
        rcreatetime = #{record.rcreatetime,jdbcType=TIMESTAMP},
      </if>
    </set>
    <if test="_parameter != null">
      <include refid="Update_By_Example_Where_Clause" />
    </if>
  </update>
  <update id="updateByExample" parameterType="map">
    update role
    set rid = #{record.rid,jdbcType=INTEGER},
      rname = #{record.rname,jdbcType=VARCHAR},
      rdesc = #{record.rdesc,jdbcType=VARCHAR},
      rcreatetime = #{record.rcreatetime,jdbcType=TIMESTAMP}
    <if test="_parameter != null">
      <include refid="Update_By_Example_Where_Clause" />
    </if>
  </update>
  <update id="updateByPrimaryKeySelective" parameterType="cn.edu.sicnu.cs.model.Role">
    update role
    <set>
      <if test="rname != null">
        rname = #{rname,jdbcType=VARCHAR},
      </if>
      <if test="rdesc != null">
        rdesc = #{rdesc,jdbcType=VARCHAR},
      </if>
      <if test="rcreatetime != null">
        rcreatetime = #{rcreatetime,jdbcType=TIMESTAMP},
      </if>
    </set>
    where rid = #{rid,jdbcType=INTEGER}
  </update>
  <update id="updateByPrimaryKey" parameterType="cn.edu.sicnu.cs.model.Role">
    update role
    set rname = #{rname,jdbcType=VARCHAR},
      rdesc = #{rdesc,jdbcType=VARCHAR},
      rcreatetime = #{rcreatetime,jdbcType=TIMESTAMP}
    where rid = #{rid,jdbcType=INTEGER}
  </update>
</mapper>