<?xml version="1.0" encoding="UTF-8"?>
<!DOCTYPE mapper PUBLIC "-//mybatis.org//DTD Mapper 3.0//EN" "http://mybatis.org/dtd/mybatis-3-mapper.dtd">
<mapper namespace="cn.edu.sicnu.cs.dao.RoleprivMapper">

<!--  <cache type="cn.edu.sicnu.cs.cache.RedisCache"/>-->

  <resultMap id="BaseResultMap" type="cn.edu.sicnu.cs.model.Rolepriv">
    <id column="rpid" jdbcType="INTEGER" property="rpid" />
    <result column="roleid" jdbcType="INTEGER" property="roleid" />
    <result column="privilegeid" jdbcType="INTEGER" property="privilegeid" />
  </resultMap>
  <sql id="Example_Where_Clause">
    <where>
      <foreach collection="oredCriteria" item="criteria" separator="or">
        <if test="criteria.valid">
          <trim prefix="(" prefixOverrides="and" suffix=")">
            <foreach collection="criteria.criteria" item="criterion">
              <choose>
                <when test="criterion.noValue">
                  and ${criterion.condition}
                </when>
                <when test="criterion.singleValue">
                  and ${criterion.condition} #{criterion.value}
                </when>
                <when test="criterion.betweenValue">
                  and ${criterion.condition} #{criterion.value} and #{criterion.secondValue}
                </when>
                <when test="criterion.listValue">
                  and ${criterion.condition}
                  <foreach close=")" collection="criterion.value" item="listItem" open="(" separator=",">
                    #{listItem}
                  </foreach>
                </when>
              </choose>
            </foreach>
          </trim>
        </if>
      </foreach>
    </where>
  </sql>
  <sql id="Update_By_Example_Where_Clause">
    <where>
      <foreach collection="example.oredCriteria" item="criteria" separator="or">
        <if test="criteria.valid">
          <trim prefix="(" prefixOverrides="and" suffix=")">
            <foreach collection="criteria.criteria" item="criterion">
              <choose>
                <when test="criterion.noValue">
                  and ${criterion.condition}
                </when>
                <when test="criterion.singleValue">
                  and ${criterion.condition} #{criterion.value}
                </when>
                <when test="criterion.betweenValue">
                  and ${criterion.condition} #{criterion.value} and #{criterion.secondValue}
                </when>
                <when test="criterion.listValue">
                  and ${criterion.condition}
                  <foreach close=")" collection="criterion.value" item="listItem" open="(" separator=",">
                    #{listItem}
                  </foreach>
                </when>
              </choose>
            </foreach>
          </trim>
        </if>
      </foreach>
    </where>
  </sql>
  <sql id="Base_Column_List">
    rpid, roleid, privilegeid
  </sql>
  <select id="selectByExample" parameterType="cn.edu.sicnu.cs.model.RoleprivExample" resultMap="BaseResultMap">
    select
    <if test="distinct">
      distinct
    </if>
    <include refid="Base_Column_List" />
    from rolepriv
    <if test="_parameter != null">
      <include refid="Example_Where_Clause" />
    </if>
    <if test="orderByClause != null">
      order by ${orderByClause}
    </if>
  </select>
  <select id="selectByPrimaryKey" parameterType="java.lang.Integer" resultMap="BaseResultMap">
    select 
    <include refid="Base_Column_List" />
    from rolepriv
    where rpid = #{rpid,jdbcType=INTEGER}
  </select>
  <delete id="deleteByPrimaryKey" parameterType="java.lang.Integer">
    delete from rolepriv
    where rpid = #{rpid,jdbcType=INTEGER}
  </delete>
  <delete id="deleteByExample" parameterType="cn.edu.sicnu.cs.model.RoleprivExample">
    delete from rolepriv
    <if test="_parameter != null">
      <include refid="Example_Where_Clause" />
    </if>
  </delete>
  <insert id="insert" parameterType="cn.edu.sicnu.cs.model.Rolepriv">
    insert into rolepriv (rpid, roleid, privilegeid
      )
    values (#{rpid,jdbcType=INTEGER}, #{roleid,jdbcType=INTEGER}, #{privilegeid,jdbcType=INTEGER}
      )
  </insert>
  <insert id="insertSelective" parameterType="cn.edu.sicnu.cs.model.Rolepriv">
    insert into rolepriv
    <trim prefix="(" suffix=")" suffixOverrides=",">
      <if test="rpid != null">
        rpid,
      </if>
      <if test="roleid != null">
        roleid,
      </if>
      <if test="privilegeid != null">
        privilegeid,
      </if>
    </trim>
    <trim prefix="values (" suffix=")" suffixOverrides=",">
      <if test="rpid != null">
        #{rpid,jdbcType=INTEGER},
      </if>
      <if test="roleid != null">
        #{roleid,jdbcType=INTEGER},
      </if>
      <if test="privilegeid != null">
        #{privilegeid,jdbcType=INTEGER},
      </if>
    </trim>
  </insert>
  <select id="countByExample" parameterType="cn.edu.sicnu.cs.model.RoleprivExample" resultType="java.lang.Long">
    select count(*) from rolepriv
    <if test="_parameter != null">
      <include refid="Example_Where_Clause" />
    </if>
  </select>
  <update id="updateByExampleSelective" parameterType="map">
    update rolepriv
    <set>
      <if test="record.rpid != null">
        rpid = #{record.rpid,jdbcType=INTEGER},
      </if>
      <if test="record.roleid != null">
        roleid = #{record.roleid,jdbcType=INTEGER},
      </if>
      <if test="record.privilegeid != null">
        privilegeid = #{record.privilegeid,jdbcType=INTEGER},
      </if>
    </set>
    <if test="_parameter != null">
      <include refid="Update_By_Example_Where_Clause" />
    </if>
  </update>
  <update id="updateByExample" parameterType="map">
    update rolepriv
    set rpid = #{record.rpid,jdbcType=INTEGER},
      roleid = #{record.roleid,jdbcType=INTEGER},
      privilegeid = #{record.privilegeid,jdbcType=INTEGER}
    <if test="_parameter != null">
      <include refid="Update_By_Example_Where_Clause" />
    </if>
  </update>
  <update id="updateByPrimaryKeySelective" parameterType="cn.edu.sicnu.cs.model.Rolepriv">
    update rolepriv
    <set>
      <if test="roleid != null">
        roleid = #{roleid,jdbcType=INTEGER},
      </if>
      <if test="privilegeid != null">
        privilegeid = #{privilegeid,jdbcType=INTEGER},
      </if>
    </set>
    where rpid = #{rpid,jdbcType=INTEGER}
  </update>
  <update id="updateByPrimaryKey" parameterType="cn.edu.sicnu.cs.model.Rolepriv">
    update rolepriv
    set roleid = #{roleid,jdbcType=INTEGER},
      privilegeid = #{privilegeid,jdbcType=INTEGER}
    where rpid = #{rpid,jdbcType=INTEGER}
  </update>
</mapper>