<?xml version="1.0" encoding="UTF-8"?>
<!DOCTYPE mapper PUBLIC "-//mybatis.org//DTD Mapper 3.0//EN" "http://mybatis.org/dtd/mybatis-3-mapper.dtd">
<mapper namespace="cn.edu.sicnu.cs.dao.TaskMapper">
  <resultMap id="BaseResultMap" type="cn.edu.sicnu.cs.model.Task">
    <id column="tzid" jdbcType="BIGINT" property="tzid" />
    <result column="tid" jdbcType="BIGINT" property="tid" />
    <result column="tfromid" jdbcType="BIGINT" property="tfromid" />
    <result column="tmodule" jdbcType="VARCHAR" property="tmodule" />
    <result column="tname" jdbcType="VARCHAR" property="tname" />
    <result column="ttype" jdbcType="VARCHAR" property="ttype" />
    <result column="tpririty" jdbcType="CHAR" property="tpririty" />
    <result column="tuserBy_id" jdbcType="INTEGER" property="tuserbyId" />
    <result column="tcreateDate" jdbcType="TIMESTAMP" property="tcreatedate" />
    <result column="testimate" jdbcType="REAL" property="testimate" />
    <result column="tconsumed" jdbcType="REAL" property="tconsumed" />
    <result column="tleft" jdbcType="REAL" property="tleft" />
    <result column="tdeadline" jdbcType="TIMESTAMP" property="tdeadline" />
    <result column="tassignedTo_id" jdbcType="INTEGER" property="tassignedtoId" />
    <result column="testStarted" jdbcType="TIMESTAMP" property="teststarted" />
    <result column="trealStarted" jdbcType="TIMESTAMP" property="trealstarted" />
    <result column="tfinishedDate" jdbcType="TIMESTAMP" property="tfinisheddate" />
    <result column="tclosedBy_id" jdbcType="INTEGER" property="tclosedbyId" />
    <result column="tclosedDate" jdbcType="TIMESTAMP" property="tcloseddate" />
    <result column="tclosedReason" jdbcType="VARCHAR" property="tclosedreason" />
    <result column="tstatus" jdbcType="CHAR" property="tstatus" />
  </resultMap>
  <resultMap extends="BaseResultMap" id="ResultMapWithBLOBs" type="cn.edu.sicnu.cs.model.Task">
    <result column="tdesc" jdbcType="LONGVARCHAR" property="tdesc" />
  </resultMap>
  <sql id="Example_Where_Clause">
    <where>
      <foreach collection="oredCriteria" item="criteria" separator="or">
        <if test="criteria.valid">
          <trim prefix="(" prefixOverrides="and" suffix=")">
            <foreach collection="criteria.criteria" item="criterion">
              <choose>
                <when test="criterion.noValue">
                  and ${criterion.condition}
                </when>
                <when test="criterion.singleValue">
                  and ${criterion.condition} #{criterion.value}
                </when>
                <when test="criterion.betweenValue">
                  and ${criterion.condition} #{criterion.value} and #{criterion.secondValue}
                </when>
                <when test="criterion.listValue">
                  and ${criterion.condition}
                  <foreach close=")" collection="criterion.value" item="listItem" open="(" separator=",">
                    #{listItem}
                  </foreach>
                </when>
              </choose>
            </foreach>
          </trim>
        </if>
      </foreach>
    </where>
  </sql>
  <sql id="Update_By_Example_Where_Clause">
    <where>
      <foreach collection="example.oredCriteria" item="criteria" separator="or">
        <if test="criteria.valid">
          <trim prefix="(" prefixOverrides="and" suffix=")">
            <foreach collection="criteria.criteria" item="criterion">
              <choose>
                <when test="criterion.noValue">
                  and ${criterion.condition}
                </when>
                <when test="criterion.singleValue">
                  and ${criterion.condition} #{criterion.value}
                </when>
                <when test="criterion.betweenValue">
                  and ${criterion.condition} #{criterion.value} and #{criterion.secondValue}
                </when>
                <when test="criterion.listValue">
                  and ${criterion.condition}
                  <foreach close=")" collection="criterion.value" item="listItem" open="(" separator=",">
                    #{listItem}
                  </foreach>
                </when>
              </choose>
            </foreach>
          </trim>
        </if>
      </foreach>
    </where>
  </sql>
  <sql id="Base_Column_List">
    tzid, tid, tfromid, tmodule, tname, ttype, tpririty, tuserBy_id, tcreateDate, testimate, 
    tconsumed, tleft, tdeadline, tassignedTo_id, testStarted, trealStarted, tfinishedDate, 
    tclosedBy_id, tclosedDate, tclosedReason, tstatus
  </sql>
  <sql id="Blob_Column_List">
    tdesc
  </sql>

  <select id="findSelfTaskListByStatus" resultType="java.util.HashMap">
select tid,tcreateDate,urealname,tfromid,tpririty,tname,tstatus,tdeadline,round(1 - (tconsumed/(testimate+tconsumed)),2) as pocess
from task,user
where tassignedTo_id = #{uid}
  and tstatus = #{status}
  and tuserBy_id = uid
group by tid,tcreateDate,tfromid,tpririty,tname
order by task.tpririty limit #{page},#{pagenum};  </select>

  <select id="findAllSelfTaskList" resultType="java.util.HashMap">
    select tid,tcreateDate,urealname,tfromid,tpririty,tname,tstatus,tdeadline,round(1 - (tconsumed/(testimate+tconsumed)),2) as pocess
    from task,user
    where tassignedTo_id = #{uid}
      and tuserBy_id = uid
    group by tid,tcreateDate,tfromid,tpririty,tname
    order by task.tpririty limit #{page},#{pagenum};
  </select>
  <select id="findAllSelfTaskListCnt" resultType="java.lang.Long">
    select count(tid) from task where tassignedTo_id = #{uid};
  </select>
  <select id="findSelfTaskCntByStatus" resultType="java.lang.Long">
    select count(tid) from task where tassignedTo_id = #{uid} and tstatus = #{status};
  </select>
  <select id="findSelfTaskListByStatusCnt" resultType="java.lang.Long">
    select count(tid) from task where tassignedTo_id = #{uid} and tstatus = #{status};
  </select>
  <update id="beginTaskByTid">
    update task set tstatus = '1',tleft = #{tleft} where tid = #{tid};
  </update>
  <update id="finishTask">
    update task set tstatus = '2',tfinishedDate = #{day}
    where tid = #{tid};
  </update>

  <update id="updateTaskprogress">
    update task set tconsumed = tconsumed + #{consumed} and tleft = tleft - #{consumed}
    where tid = #{tid};
  </update>

  <select id="selectByExampleWithBLOBs" parameterType="cn.edu.sicnu.cs.model.TaskExample" resultMap="ResultMapWithBLOBs">
    select
    <if test="distinct">
      distinct
    </if>
    <include refid="Base_Column_List" />
    ,
    <include refid="Blob_Column_List" />
    from task
    <if test="_parameter != null">
      <include refid="Example_Where_Clause" />
    </if>
    <if test="orderByClause != null">
      order by ${orderByClause}
    </if>
  </select>
  <select id="selectByExample" parameterType="cn.edu.sicnu.cs.model.TaskExample" resultMap="BaseResultMap">
    select
    <if test="distinct">
      distinct
    </if>
    <include refid="Base_Column_List" />
    from task
    <if test="_parameter != null">
      <include refid="Example_Where_Clause" />
    </if>
    <if test="orderByClause != null">
      order by ${orderByClause}
    </if>
  </select>
  <select id="selectByPrimaryKey" parameterType="java.lang.Long" resultMap="ResultMapWithBLOBs">
    select
    <include refid="Base_Column_List" />
    ,
    <include refid="Blob_Column_List" />
    from task
    where tzid = #{tzid,jdbcType=BIGINT}
  </select>
  <delete id="deleteByPrimaryKey" parameterType="java.lang.Long">
    delete from task
    where tzid = #{tzid,jdbcType=BIGINT}
  </delete>
  <delete id="deleteByExample" parameterType="cn.edu.sicnu.cs.model.TaskExample">
    delete from task
    <if test="_parameter != null">
      <include refid="Example_Where_Clause" />
    </if>
  </delete>
  <insert id="insert" parameterType="cn.edu.sicnu.cs.model.Task">
    insert into task (tzid, tid, tfromid, 
      tmodule, tname, ttype, 
      tpririty, tuserBy_id, tcreateDate, 
      testimate, tconsumed, tleft, 
      tdeadline, tassignedTo_id, testStarted, 
      trealStarted, tfinishedDate, tclosedBy_id, 
      tclosedDate, tclosedReason, tstatus, 
      tdesc)
    values (#{tzid,jdbcType=BIGINT}, #{tid,jdbcType=BIGINT}, #{tfromid,jdbcType=BIGINT}, 
      #{tmodule,jdbcType=VARCHAR}, #{tname,jdbcType=VARCHAR}, #{ttype,jdbcType=VARCHAR}, 
      #{tpririty,jdbcType=CHAR}, #{tuserbyId,jdbcType=INTEGER}, #{tcreatedate,jdbcType=TIMESTAMP}, 
      #{testimate,jdbcType=REAL}, #{tconsumed,jdbcType=REAL}, #{tleft,jdbcType=REAL}, 
      #{tdeadline,jdbcType=TIMESTAMP}, #{tassignedtoId,jdbcType=INTEGER}, #{teststarted,jdbcType=TIMESTAMP}, 
      #{trealstarted,jdbcType=TIMESTAMP}, #{tfinisheddate,jdbcType=TIMESTAMP}, #{tclosedbyId,jdbcType=INTEGER}, 
      #{tcloseddate,jdbcType=TIMESTAMP}, #{tclosedreason,jdbcType=VARCHAR}, #{tstatus,jdbcType=CHAR}, 
      #{tdesc,jdbcType=LONGVARCHAR})
  </insert>
  <insert id="insertSelective" parameterType="cn.edu.sicnu.cs.model.Task">
    insert into task
    <trim prefix="(" suffix=")" suffixOverrides=",">
      <if test="tzid != null">
        tzid,
      </if>
      <if test="tid != null">
        tid,
      </if>
      <if test="tfromid != null">
        tfromid,
      </if>
      <if test="tmodule != null">
        tmodule,
      </if>
      <if test="tname != null">
        tname,
      </if>
      <if test="ttype != null">
        ttype,
      </if>
      <if test="tpririty != null">
        tpririty,
      </if>
      <if test="tuserbyId != null">
        tuserBy_id,
      </if>
      <if test="tcreatedate != null">
        tcreateDate,
      </if>
      <if test="testimate != null">
        testimate,
      </if>
      <if test="tconsumed != null">
        tconsumed,
      </if>
      <if test="tleft != null">
        tleft,
      </if>
      <if test="tdeadline != null">
        tdeadline,
      </if>
      <if test="tassignedtoId != null">
        tassignedTo_id,
      </if>
      <if test="teststarted != null">
        testStarted,
      </if>
      <if test="trealstarted != null">
        trealStarted,
      </if>
      <if test="tfinisheddate != null">
        tfinishedDate,
      </if>
      <if test="tclosedbyId != null">
        tclosedBy_id,
      </if>
      <if test="tcloseddate != null">
        tclosedDate,
      </if>
      <if test="tclosedreason != null">
        tclosedReason,
      </if>
      <if test="tstatus != null">
        tstatus,
      </if>
      <if test="tdesc != null">
        tdesc,
      </if>
    </trim>
    <trim prefix="values (" suffix=")" suffixOverrides=",">
      <if test="tzid != null">
        #{tzid,jdbcType=BIGINT},
      </if>
      <if test="tid != null">
        #{tid,jdbcType=BIGINT},
      </if>
      <if test="tfromid != null">
        #{tfromid,jdbcType=BIGINT},
      </if>
      <if test="tmodule != null">
        #{tmodule,jdbcType=VARCHAR},
      </if>
      <if test="tname != null">
        #{tname,jdbcType=VARCHAR},
      </if>
      <if test="ttype != null">
        #{ttype,jdbcType=VARCHAR},
      </if>
      <if test="tpririty != null">
        #{tpririty,jdbcType=CHAR},
      </if>
      <if test="tuserbyId != null">
        #{tuserbyId,jdbcType=INTEGER},
      </if>
      <if test="tcreatedate != null">
        #{tcreatedate,jdbcType=TIMESTAMP},
      </if>
      <if test="testimate != null">
        #{testimate,jdbcType=REAL},
      </if>
      <if test="tconsumed != null">
        #{tconsumed,jdbcType=REAL},
      </if>
      <if test="tleft != null">
        #{tleft,jdbcType=REAL},
      </if>
      <if test="tdeadline != null">
        #{tdeadline,jdbcType=TIMESTAMP},
      </if>
      <if test="tassignedtoId != null">
        #{tassignedtoId,jdbcType=INTEGER},
      </if>
      <if test="teststarted != null">
        #{teststarted,jdbcType=TIMESTAMP},
      </if>
      <if test="trealstarted != null">
        #{trealstarted,jdbcType=TIMESTAMP},
      </if>
      <if test="tfinisheddate != null">
        #{tfinisheddate,jdbcType=TIMESTAMP},
      </if>
      <if test="tclosedbyId != null">
        #{tclosedbyId,jdbcType=INTEGER},
      </if>
      <if test="tcloseddate != null">
        #{tcloseddate,jdbcType=TIMESTAMP},
      </if>
      <if test="tclosedreason != null">
        #{tclosedreason,jdbcType=VARCHAR},
      </if>
      <if test="tstatus != null">
        #{tstatus,jdbcType=CHAR},
      </if>
      <if test="tdesc != null">
        #{tdesc,jdbcType=LONGVARCHAR},
      </if>
    </trim>
  </insert>
  <select id="countByExample" parameterType="cn.edu.sicnu.cs.model.TaskExample" resultType="java.lang.Long">
    select count(*) from task
    <if test="_parameter != null">
      <include refid="Example_Where_Clause" />
    </if>
  </select>
    <select id="selectAllTasks" resultType="cn.edu.sicnu.cs.model.Task">
      select * from task
    </select>
    <update id="updateByExampleSelective" parameterType="map">
    update task
    <set>
      <if test="record.tzid != null">
        tzid = #{record.tzid,jdbcType=BIGINT},
      </if>
      <if test="record.tid != null">
        tid = #{record.tid,jdbcType=BIGINT},
      </if>
      <if test="record.tfromid != null">
        tfromid = #{record.tfromid,jdbcType=BIGINT},
      </if>
      <if test="record.tmodule != null">
        tmodule = #{record.tmodule,jdbcType=VARCHAR},
      </if>
      <if test="record.tname != null">
        tname = #{record.tname,jdbcType=VARCHAR},
      </if>
      <if test="record.ttype != null">
        ttype = #{record.ttype,jdbcType=VARCHAR},
      </if>
      <if test="record.tpririty != null">
        tpririty = #{record.tpririty,jdbcType=CHAR},
      </if>
      <if test="record.tuserbyId != null">
        tuserBy_id = #{record.tuserbyId,jdbcType=INTEGER},
      </if>
      <if test="record.tcreatedate != null">
        tcreateDate = #{record.tcreatedate,jdbcType=TIMESTAMP},
      </if>
      <if test="record.testimate != null">
        testimate = #{record.testimate,jdbcType=REAL},
      </if>
      <if test="record.tconsumed != null">
        tconsumed = #{record.tconsumed,jdbcType=REAL},
      </if>
      <if test="record.tleft != null">
        tleft = #{record.tleft,jdbcType=REAL},
      </if>
      <if test="record.tdeadline != null">
        tdeadline = #{record.tdeadline,jdbcType=TIMESTAMP},
      </if>
      <if test="record.tassignedtoId != null">
        tassignedTo_id = #{record.tassignedtoId,jdbcType=INTEGER},
      </if>
      <if test="record.teststarted != null">
        testStarted = #{record.teststarted,jdbcType=TIMESTAMP},
      </if>
      <if test="record.trealstarted != null">
        trealStarted = #{record.trealstarted,jdbcType=TIMESTAMP},
      </if>
      <if test="record.tfinisheddate != null">
        tfinishedDate = #{record.tfinisheddate,jdbcType=TIMESTAMP},
      </if>
      <if test="record.tclosedbyId != null">
        tclosedBy_id = #{record.tclosedbyId,jdbcType=INTEGER},
      </if>
      <if test="record.tcloseddate != null">
        tclosedDate = #{record.tcloseddate,jdbcType=TIMESTAMP},
      </if>
      <if test="record.tclosedreason != null">
        tclosedReason = #{record.tclosedreason,jdbcType=VARCHAR},
      </if>
      <if test="record.tstatus != null">
        tstatus = #{record.tstatus,jdbcType=CHAR},
      </if>
      <if test="record.tdesc != null">
        tdesc = #{record.tdesc,jdbcType=LONGVARCHAR},
      </if>
    </set>
    <if test="_parameter != null">
      <include refid="Update_By_Example_Where_Clause" />
    </if>
  </update>
  <update id="updateByExampleWithBLOBs" parameterType="map">
    update task
    set tzid = #{record.tzid,jdbcType=BIGINT},
    tid = #{record.tid,jdbcType=BIGINT},
    tfromid = #{record.tfromid,jdbcType=BIGINT},
    tmodule = #{record.tmodule,jdbcType=VARCHAR},
    tname = #{record.tname,jdbcType=VARCHAR},
    ttype = #{record.ttype,jdbcType=VARCHAR},
    tpririty = #{record.tpririty,jdbcType=CHAR},
    tuserBy_id = #{record.tuserbyId,jdbcType=INTEGER},
    tcreateDate = #{record.tcreatedate,jdbcType=TIMESTAMP},
    testimate = #{record.testimate,jdbcType=REAL},
    tconsumed = #{record.tconsumed,jdbcType=REAL},
    tleft = #{record.tleft,jdbcType=REAL},
    tdeadline = #{record.tdeadline,jdbcType=TIMESTAMP},
    tassignedTo_id = #{record.tassignedtoId,jdbcType=INTEGER},
    testStarted = #{record.teststarted,jdbcType=TIMESTAMP},
    trealStarted = #{record.trealstarted,jdbcType=TIMESTAMP},
    tfinishedDate = #{record.tfinisheddate,jdbcType=TIMESTAMP},
    tclosedBy_id = #{record.tclosedbyId,jdbcType=INTEGER},
    tclosedDate = #{record.tcloseddate,jdbcType=TIMESTAMP},
    tclosedReason = #{record.tclosedreason,jdbcType=VARCHAR},
    tstatus = #{record.tstatus,jdbcType=CHAR},
    tdesc = #{record.tdesc,jdbcType=LONGVARCHAR}
    <if test="_parameter != null">
      <include refid="Update_By_Example_Where_Clause" />
    </if>
  </update>
  <update id="updateByExample" parameterType="map">
    update task
    set tzid = #{record.tzid,jdbcType=BIGINT},
    tid = #{record.tid,jdbcType=BIGINT},
    tfromid = #{record.tfromid,jdbcType=BIGINT},
    tmodule = #{record.tmodule,jdbcType=VARCHAR},
    tname = #{record.tname,jdbcType=VARCHAR},
    ttype = #{record.ttype,jdbcType=VARCHAR},
    tpririty = #{record.tpririty,jdbcType=CHAR},
    tuserBy_id = #{record.tuserbyId,jdbcType=INTEGER},
    tcreateDate = #{record.tcreatedate,jdbcType=TIMESTAMP},
    testimate = #{record.testimate,jdbcType=REAL},
    tconsumed = #{record.tconsumed,jdbcType=REAL},
    tleft = #{record.tleft,jdbcType=REAL},
    tdeadline = #{record.tdeadline,jdbcType=TIMESTAMP},
    tassignedTo_id = #{record.tassignedtoId,jdbcType=INTEGER},
    testStarted = #{record.teststarted,jdbcType=TIMESTAMP},
    trealStarted = #{record.trealstarted,jdbcType=TIMESTAMP},
    tfinishedDate = #{record.tfinisheddate,jdbcType=TIMESTAMP},
    tclosedBy_id = #{record.tclosedbyId,jdbcType=INTEGER},
    tclosedDate = #{record.tcloseddate,jdbcType=TIMESTAMP},
    tclosedReason = #{record.tclosedreason,jdbcType=VARCHAR},
    tstatus = #{record.tstatus,jdbcType=CHAR}
    <if test="_parameter != null">
      <include refid="Update_By_Example_Where_Clause" />
    </if>
  </update>
  <update id="updateByPrimaryKeySelective" parameterType="cn.edu.sicnu.cs.model.Task">
    update task
    <set>
      <if test="tid != null">
        tid = #{tid,jdbcType=BIGINT},
      </if>
      <if test="tfromid != null">
        tfromid = #{tfromid,jdbcType=BIGINT},
      </if>
      <if test="tmodule != null">
        tmodule = #{tmodule,jdbcType=VARCHAR},
      </if>
      <if test="tname != null">
        tname = #{tname,jdbcType=VARCHAR},
      </if>
      <if test="ttype != null">
        ttype = #{ttype,jdbcType=VARCHAR},
      </if>
      <if test="tpririty != null">
        tpririty = #{tpririty,jdbcType=CHAR},
      </if>
      <if test="tuserbyId != null">
        tuserBy_id = #{tuserbyId,jdbcType=INTEGER},
      </if>
      <if test="tcreatedate != null">
        tcreateDate = #{tcreatedate,jdbcType=TIMESTAMP},
      </if>
      <if test="testimate != null">
        testimate = #{testimate,jdbcType=REAL},
      </if>
      <if test="tconsumed != null">
        tconsumed = #{tconsumed,jdbcType=REAL},
      </if>
      <if test="tleft != null">
        tleft = #{tleft,jdbcType=REAL},
      </if>
      <if test="tdeadline != null">
        tdeadline = #{tdeadline,jdbcType=TIMESTAMP},
      </if>
      <if test="tassignedtoId != null">
        tassignedTo_id = #{tassignedtoId,jdbcType=INTEGER},
      </if>
      <if test="teststarted != null">
        testStarted = #{teststarted,jdbcType=TIMESTAMP},
      </if>
      <if test="trealstarted != null">
        trealStarted = #{trealstarted,jdbcType=TIMESTAMP},
      </if>
      <if test="tfinisheddate != null">
        tfinishedDate = #{tfinisheddate,jdbcType=TIMESTAMP},
      </if>
      <if test="tclosedbyId != null">
        tclosedBy_id = #{tclosedbyId,jdbcType=INTEGER},
      </if>
      <if test="tcloseddate != null">
        tclosedDate = #{tcloseddate,jdbcType=TIMESTAMP},
      </if>
      <if test="tclosedreason != null">
        tclosedReason = #{tclosedreason,jdbcType=VARCHAR},
      </if>
      <if test="tstatus != null">
        tstatus = #{tstatus,jdbcType=CHAR},
      </if>
      <if test="tdesc != null">
        tdesc = #{tdesc,jdbcType=LONGVARCHAR},
      </if>
    </set>
    where tzid = #{tzid,jdbcType=BIGINT}
  </update>
  <update id="updateByPrimaryKeyWithBLOBs" parameterType="cn.edu.sicnu.cs.model.Task">
    update task
    set tid = #{tid,jdbcType=BIGINT},
      tfromid = #{tfromid,jdbcType=BIGINT},
      tmodule = #{tmodule,jdbcType=VARCHAR},
      tname = #{tname,jdbcType=VARCHAR},
      ttype = #{ttype,jdbcType=VARCHAR},
      tpririty = #{tpririty,jdbcType=CHAR},
      tuserBy_id = #{tuserbyId,jdbcType=INTEGER},
      tcreateDate = #{tcreatedate,jdbcType=TIMESTAMP},
      testimate = #{testimate,jdbcType=REAL},
      tconsumed = #{tconsumed,jdbcType=REAL},
      tleft = #{tleft,jdbcType=REAL},
      tdeadline = #{tdeadline,jdbcType=TIMESTAMP},
      tassignedTo_id = #{tassignedtoId,jdbcType=INTEGER},
      testStarted = #{teststarted,jdbcType=TIMESTAMP},
      trealStarted = #{trealstarted,jdbcType=TIMESTAMP},
      tfinishedDate = #{tfinisheddate,jdbcType=TIMESTAMP},
      tclosedBy_id = #{tclosedbyId,jdbcType=INTEGER},
      tclosedDate = #{tcloseddate,jdbcType=TIMESTAMP},
      tclosedReason = #{tclosedreason,jdbcType=VARCHAR},
      tstatus = #{tstatus,jdbcType=CHAR},
      tdesc = #{tdesc,jdbcType=LONGVARCHAR}
    where tzid = #{tzid,jdbcType=BIGINT}
  </update>
  <update id="updateByPrimaryKey" parameterType="cn.edu.sicnu.cs.model.Task">
    update task
    set tid = #{tid,jdbcType=BIGINT},
      tfromid = #{tfromid,jdbcType=BIGINT},
      tmodule = #{tmodule,jdbcType=VARCHAR},
      tname = #{tname,jdbcType=VARCHAR},
      ttype = #{ttype,jdbcType=VARCHAR},
      tpririty = #{tpririty,jdbcType=CHAR},
      tuserBy_id = #{tuserbyId,jdbcType=INTEGER},
      tcreateDate = #{tcreatedate,jdbcType=TIMESTAMP},
      testimate = #{testimate,jdbcType=REAL},
      tconsumed = #{tconsumed,jdbcType=REAL},
      tleft = #{tleft,jdbcType=REAL},
      tdeadline = #{tdeadline,jdbcType=TIMESTAMP},
      tassignedTo_id = #{tassignedtoId,jdbcType=INTEGER},
      testStarted = #{teststarted,jdbcType=TIMESTAMP},
      trealStarted = #{trealstarted,jdbcType=TIMESTAMP},
      tfinishedDate = #{tfinisheddate,jdbcType=TIMESTAMP},
      tclosedBy_id = #{tclosedbyId,jdbcType=INTEGER},
      tclosedDate = #{tcloseddate,jdbcType=TIMESTAMP},
      tclosedReason = #{tclosedreason,jdbcType=VARCHAR},
      tstatus = #{tstatus,jdbcType=CHAR}
    where tzid = #{tzid,jdbcType=BIGINT}
  </update>
</mapper>