<?xml version="1.0" encoding="UTF-8"?>
<!DOCTYPE mapper PUBLIC "-//mybatis.org//DTD Mapper 3.0//EN" "http://mybatis.org/dtd/mybatis-3-mapper.dtd">
<mapper namespace="cn.edu.sicnu.cs.dao.UserTeamMapper">
  <resultMap id="BaseResultMap" type="cn.edu.sicnu.cs.model.UserTeam">
    <id column="utid" jdbcType="BIGINT" property="utid" />
    <result column="ut_tid" jdbcType="INTEGER" property="utTid" />
    <result column="ut_uid" jdbcType="INTEGER" property="utUid" />
    <result column="tedays" jdbcType="INTEGER" property="tedays" />
    <result column="tehours" jdbcType="REAL" property="tehours" />
    <result column="teestimate" jdbcType="INTEGER" property="teestimate" />
  </resultMap>
  <select id="selectFznameByUid" resultType="java.lang.String">
    select b.urealname from team,userteam,user a,user b where
    a.uid = #{uid} and userteam.ut_uid = a.uid and userteam.ut_tid = team.teid and team.te_fzid = b.uid
  </select>

  <select id="getinfo" resultType="cn.edu.sicnu.cs.pojo.UserInTeam">
    select urealname,username,ujoin,rname as userrole,tedays,tehours,teestimate from userteam,user,role where userteam.ut_uid = user.uid
    and user.urole_id = role.rid
    and user.uid in (select ut_uid from userteam where userteam.ut_tid in (select teid from team))
  </select>

  <insert id="insertUserTeam">
    insert into userteam(ut_tid, ut_uid, tedays, tehours) values (#{teamid},#{userid},#{days},#{hours})
  </insert>
  <sql id="Example_Where_Clause">
    <where>
      <foreach collection="oredCriteria" item="criteria" separator="or">
        <if test="criteria.valid">
          <trim prefix="(" prefixOverrides="and" suffix=")">
            <foreach collection="criteria.criteria" item="criterion">
              <choose>
                <when test="criterion.noValue">
                  and ${criterion.condition}
                </when>
                <when test="criterion.singleValue">
                  and ${criterion.condition} #{criterion.value}
                </when>
                <when test="criterion.betweenValue">
                  and ${criterion.condition} #{criterion.value} and #{criterion.secondValue}
                </when>
                <when test="criterion.listValue">
                  and ${criterion.condition}
                  <foreach close=")" collection="criterion.value" item="listItem" open="(" separator=",">
                    #{listItem}
                  </foreach>
                </when>
              </choose>
            </foreach>
          </trim>
        </if>
      </foreach>
    </where>
  </sql>
  <sql id="Update_By_Example_Where_Clause">
    <where>
      <foreach collection="example.oredCriteria" item="criteria" separator="or">
        <if test="criteria.valid">
          <trim prefix="(" prefixOverrides="and" suffix=")">
            <foreach collection="criteria.criteria" item="criterion">
              <choose>
                <when test="criterion.noValue">
                  and ${criterion.condition}
                </when>
                <when test="criterion.singleValue">
                  and ${criterion.condition} #{criterion.value}
                </when>
                <when test="criterion.betweenValue">
                  and ${criterion.condition} #{criterion.value} and #{criterion.secondValue}
                </when>
                <when test="criterion.listValue">
                  and ${criterion.condition}
                  <foreach close=")" collection="criterion.value" item="listItem" open="(" separator=",">
                    #{listItem}
                  </foreach>
                </when>
              </choose>
            </foreach>
          </trim>
        </if>
      </foreach>
    </where>
  </sql>
  <sql id="Base_Column_List">
    utid, ut_tid, ut_uid, tedays, tehours, teestimate
  </sql>
  <select id="selectByExample" parameterType="cn.edu.sicnu.cs.model.UserTeamExample" resultMap="BaseResultMap">
    select
    <if test="distinct">
      distinct
    </if>
    <include refid="Base_Column_List" />
    from userteam
    <if test="_parameter != null">
      <include refid="Example_Where_Clause" />
    </if>
    <if test="orderByClause != null">
      order by ${orderByClause}
    </if>
  </select>
  <select id="selectByPrimaryKey" parameterType="java.lang.Long" resultMap="BaseResultMap">
    select 
    <include refid="Base_Column_List" />
    from userteam
    where utid = #{utid,jdbcType=BIGINT}
  </select>
  <delete id="deleteByPrimaryKey" parameterType="java.lang.Long">
    delete from userteam
    where utid = #{utid,jdbcType=BIGINT}
  </delete>
  <delete id="deleteByExample" parameterType="cn.edu.sicnu.cs.model.UserTeamExample">
    delete from userteam
    <if test="_parameter != null">
      <include refid="Example_Where_Clause" />
    </if>
  </delete>
  <insert id="insert" parameterType="cn.edu.sicnu.cs.model.UserTeam">
    insert into userteam (utid, ut_tid, ut_uid, 
      tedays, tehours, teestimate
      )
    values (#{utid,jdbcType=BIGINT}, #{utTid,jdbcType=INTEGER}, #{utUid,jdbcType=INTEGER}, 
      #{tedays,jdbcType=INTEGER}, #{tehours,jdbcType=REAL}, #{teestimate,jdbcType=INTEGER}
      )
  </insert>
  <insert id="insertSelective" parameterType="cn.edu.sicnu.cs.model.UserTeam">
    insert into userteam
    <trim prefix="(" suffix=")" suffixOverrides=",">
      <if test="utid != null">
        utid,
      </if>
      <if test="utTid != null">
        ut_tid,
      </if>
      <if test="utUid != null">
        ut_uid,
      </if>
      <if test="tedays != null">
        tedays,
      </if>
      <if test="tehours != null">
        tehours,
      </if>
      <if test="teestimate != null">
        teestimate,
      </if>
    </trim>
    <trim prefix="values (" suffix=")" suffixOverrides=",">
      <if test="utid != null">
        #{utid,jdbcType=BIGINT},
      </if>
      <if test="utTid != null">
        #{utTid,jdbcType=INTEGER},
      </if>
      <if test="utUid != null">
        #{utUid,jdbcType=INTEGER},
      </if>
      <if test="tedays != null">
        #{tedays,jdbcType=INTEGER},
      </if>
      <if test="tehours != null">
        #{tehours,jdbcType=REAL},
      </if>
      <if test="teestimate != null">
        #{teestimate,jdbcType=INTEGER},
      </if>
    </trim>
  </insert>
  <select id="countByExample" parameterType="cn.edu.sicnu.cs.model.UserTeamExample" resultType="java.lang.Long">
    select count(*) from userteam
    <if test="_parameter != null">
      <include refid="Example_Where_Clause" />
    </if>
  </select>
  <select id="selectTeamByName" resultType="cn.edu.sicnu.cs.pojo.UserInTeam">
    select urealname,username,ujoin,rname as userrole,tedays,tehours,teestimate from userteam,user,role where userteam.ut_uid = user.uid
    and user.urole_id = role.rid
    and user.uid in (select ut_uid from userteam where userteam.ut_tid = (select teid from team where te_fzid = #{uid}))
  </select>
    <select id="selectEngByTid" resultType="java.util.Map">
      select uid,urealname from user,userteam where uid = (select ut_uid from userteam where ut_tid = #{teamid})
    </select>
    <update id="updateByExampleSelective" parameterType="map">
    update userteam
    <set>
      <if test="record.utid != null">
        utid = #{record.utid,jdbcType=BIGINT},
      </if>
      <if test="record.utTid != null">
        ut_tid = #{record.utTid,jdbcType=INTEGER},
      </if>
      <if test="record.utUid != null">
        ut_uid = #{record.utUid,jdbcType=INTEGER},
      </if>
      <if test="record.tedays != null">
        tedays = #{record.tedays,jdbcType=INTEGER},
      </if>
      <if test="record.tehours != null">
        tehours = #{record.tehours,jdbcType=REAL},
      </if>
      <if test="record.teestimate != null">
        teestimate = #{record.teestimate,jdbcType=INTEGER},
      </if>
    </set>
    <if test="_parameter != null">
      <include refid="Update_By_Example_Where_Clause" />
    </if>
  </update>
  <update id="updateByExample" parameterType="map">
    update userteam
    set utid = #{record.utid,jdbcType=BIGINT},
      ut_tid = #{record.utTid,jdbcType=INTEGER},
      ut_uid = #{record.utUid,jdbcType=INTEGER},
      tedays = #{record.tedays,jdbcType=INTEGER},
      tehours = #{record.tehours,jdbcType=REAL},
      teestimate = #{record.teestimate,jdbcType=INTEGER}
    <if test="_parameter != null">
      <include refid="Update_By_Example_Where_Clause" />
    </if>
  </update>
  <update id="updateByPrimaryKeySelective" parameterType="cn.edu.sicnu.cs.model.UserTeam">
    update userteam
    <set>
      <if test="utTid != null">
        ut_tid = #{utTid,jdbcType=INTEGER},
      </if>
      <if test="utUid != null">
        ut_uid = #{utUid,jdbcType=INTEGER},
      </if>
      <if test="tedays != null">
        tedays = #{tedays,jdbcType=INTEGER},
      </if>
      <if test="tehours != null">
        tehours = #{tehours,jdbcType=REAL},
      </if>
      <if test="teestimate != null">
        teestimate = #{teestimate,jdbcType=INTEGER},
      </if>
    </set>
    where utid = #{utid,jdbcType=BIGINT}
  </update>
  <update id="updateByPrimaryKey" parameterType="cn.edu.sicnu.cs.model.UserTeam">
    update userteam
    set ut_tid = #{utTid,jdbcType=INTEGER},
      ut_uid = #{utUid,jdbcType=INTEGER},
      tedays = #{tedays,jdbcType=INTEGER},
      tehours = #{tehours,jdbcType=REAL},
      teestimate = #{teestimate,jdbcType=INTEGER}
    where utid = #{utid,jdbcType=BIGINT}
  </update>
</mapper>