<?xml version="1.0" encoding="UTF-8"?>
<!DOCTYPE mapper PUBLIC "-//mybatis.org//DTD Mapper 3.0//EN" "http://mybatis.org/dtd/mybatis-3-mapper.dtd">
<mapper namespace="cn.edu.sicnu.cs.dao.UserformMapper">

  <resultMap id="BaseResultMap" type="cn.edu.sicnu.cs.model.Userform">
    <id column="fzid" jdbcType="BIGINT" property="fzid" />
    <result column="fid" jdbcType="BIGINT" property="fid" />
    <result column="fuser_id" jdbcType="INTEGER" property="fuserId" />
    <result column="fassignedTo_id" jdbcType="INTEGER" property="fassignedtoId" />
    <result column="ftitle" jdbcType="VARCHAR" property="ftitle" />
    <result column="ftype" jdbcType="CHAR" property="ftype" />
    <result column="fusertype" jdbcType="CHAR" property="fusertype" />
    <result column="fcompany_id" jdbcType="INTEGER" property="fcompanyId" />
    <result column="fcreatetime" jdbcType="TIMESTAMP" property="fcreatetime" />
    <result column="fversion_id" jdbcType="INTEGER" property="fversionId" />
    <result column="faccessory" jdbcType="VARCHAR" property="faccessory" />
    <result column="fpriority" jdbcType="CHAR" property="fpriority" />
    <result column="fcontactname" jdbcType="VARCHAR" property="fcontactname" />
    <result column="fmobile" jdbcType="VARCHAR" property="fmobile" />
    <result column="femail" jdbcType="VARCHAR" property="femail" />
    <result column="fstatus" jdbcType="CHAR" property="fstatus" />
    <result column="ffinishedDate" jdbcType="TIMESTAMP" property="ffinisheddate" />
    <result column="fviews" jdbcType="INTEGER" property="fviews" />
  </resultMap>
  <resultMap extends="BaseResultMap" id="ResultMapWithBLOBs" type="cn.edu.sicnu.cs.model.Userform">
    <result column="fcontent" jdbcType="LONGVARCHAR" property="fcontent" />
  </resultMap>
  <sql id="Example_Where_Clause">
    <where>
      <foreach collection="oredCriteria" item="criteria" separator="or">
        <if test="criteria.valid">
          <trim prefix="(" prefixOverrides="and" suffix=")">
            <foreach collection="criteria.criteria" item="criterion">
              <choose>
                <when test="criterion.noValue">
                  and ${criterion.condition}
                </when>
                <when test="criterion.singleValue">
                  and ${criterion.condition} #{criterion.value}
                </when>
                <when test="criterion.betweenValue">
                  and ${criterion.condition} #{criterion.value} and #{criterion.secondValue}
                </when>
                <when test="criterion.listValue">
                  and ${criterion.condition}
                  <foreach close=")" collection="criterion.value" item="listItem" open="(" separator=",">
                    #{listItem}
                  </foreach>
                </when>
              </choose>
            </foreach>
          </trim>
        </if>
      </foreach>
    </where>
  </sql>
  <sql id="Update_By_Example_Where_Clause">
    <where>
      <foreach collection="example.oredCriteria" item="criteria" separator="or">
        <if test="criteria.valid">
          <trim prefix="(" prefixOverrides="and" suffix=")">
            <foreach collection="criteria.criteria" item="criterion">
              <choose>
                <when test="criterion.noValue">
                  and ${criterion.condition}
                </when>
                <when test="criterion.singleValue">
                  and ${criterion.condition} #{criterion.value}
                </when>
                <when test="criterion.betweenValue">
                  and ${criterion.condition} #{criterion.value} and #{criterion.secondValue}
                </when>
                <when test="criterion.listValue">
                  and ${criterion.condition}
                  <foreach close=")" collection="criterion.value" item="listItem" open="(" separator=",">
                    #{listItem}
                  </foreach>
                </when>
              </choose>
            </foreach>
          </trim>
        </if>
      </foreach>
    </where>
  </sql>
  <sql id="Base_Column_List">
    fzid, fid, fuser_id, fassignedTo_id, ftitle, ftype, fusertype, fcompany_id, fcreatetime,
    fversion_id, faccessory, fpriority, fcontactname, fmobile, femail, fstatus, ffinishedDate,
    fviews
  </sql>
  <sql id="Blob_Column_List">
    fcontent
  </sql>

<!--  &lt;select id="" resultType="java.lang.Long"&gt;-->
<!--    SELECT count(userform.fid)as total-->
<!--    from userform where userform.fassignedTo_id = #{cid}-->
<!--  &lt;/select&gt;-->
  <select id="findAllUserFormCnt" resultType="java.lang.Long">
    select count(*)
    from userform
    where userform.fassignedTo_id = #{cid};
  </select>
  <select id="statisticsTimeCnt" resultType="java.lang.Long">
select count(*) form userform where userform.fa = #{uid} and userform.ffinishedDate like #{time}
    </select>
  <select id="findHotUserFormList" resultType="java.util.HashMap">
    select fid,username,ftitle,ftype,fcreatetime,fviews,fcontent from user,userform
    where user.uid = userform.fuser_id
    order by userform.fviews desc
    limit #{page},#{pagenum};
  </select>
  <select id="findSelfUserFormList" resultType="java.util.HashMap">
    select *
    from userform
    where userform.fuser_id = #{uid}
    order by userform.fzid
    limit #{page},#{pagenum};
  </select>
  <select id="adminFindUserFormList" resultType="java.util.Map">
    select fid,fcreatetime,urealname,fpriority,ftitle,fstatus
    from user,userform
    where fuser_id = user.uid
    order by userform.fcreatetime
    limit #{page},#{pagenum}
  </select>

  <select id="adminFindUserFormCnt" resultType="java.lang.Long">
    SELECT count(userform.fid)as total
    from userform
  </select>

  <select id="todayUserFormCnt" resultType="cn.edu.sicnu.cs.model.Userform">
    select fcreatetime from userform
    where fcreatetime like #{today}
    and fstatus = #{type} and fassignedTo_id = #{cid}
     order by fcreatetime;
  </select>

  <select id="todayUserForm" resultType="cn.edu.sicnu.cs.model.Userform">
    select fcreatetime from userform
    where fcreatetime like #{today}
    and fstatus = #{type} order by fcreatetime;
  </select>

  <select id="findUserFormList" resultType="java.util.Map">
    select fid,fcreatetime,urealname,fpriority,ftitle
    from user,userform
    where userform.fassignedTo_id = #{cid}
    and userform.fstatus = #{status}
    and fuser_id = user.uid
    order by userform.fcreatetime
    limit #{page},#{pagenum}
   </select>
  <select id="findAllUserFormList" resultType="java.util.Map">
    select fid,fcreatetime,urealname,fpriority,ftitle,fstatus
    from user,userform
    where userform.fassignedTo_id = #{cid}
    and fuser_id = user.uid
    order by userform.fcreatetime
    limit #{page},#{pagenum}
  </select>
  <select id="findUserFormCnt" resultType="java.lang.Long">
    SELECT count(userform.fid)as total
    from userform where userform.fassignedTo_id = #{cid} and fstatus = #{status};
  </select>


  <select id="findAllSelfUserFormCnt" resultType="java.lang.Long">
    select count(*) as total
    from userform
    where userform.fuser_id = #{uid}
  </select>
  <update id="finishUserForm">
    update userform set fstatus = '2',f where fid = #{fid} and ffinishedDate = #{day} fuser_id = #{uid};
  </update>
  <select id="searchUserFormt" resultType="java.util.HashMap">
    select * from userform where fid = #{fid};
  </select>
  <select id="searchUserForm" resultType="java.util.HashMap">
    select * from userform where fassignedTo_id = #{fid};
  </select>


  <select id="selectByExampleWithBLOBs" parameterType="cn.edu.sicnu.cs.model.UserformExample" resultMap="ResultMapWithBLOBs">
    select
    <if test="distinct">
      distinct
    </if>
    <include refid="Base_Column_List" />
    ,
    <include refid="Blob_Column_List" />
    from userform
    <if test="_parameter != null">
      <include refid="Example_Where_Clause" />
    </if>
    <if test="orderByClause != null">
      order by ${orderByClause}
    </if>
  </select>
  <select id="selectByExample" parameterType="cn.edu.sicnu.cs.model.UserformExample" resultMap="BaseResultMap">
    select
    <if test="distinct">
      distinct
    </if>
    <include refid="Base_Column_List" />
    from userform
    <if test="_parameter != null">
      <include refid="Example_Where_Clause" />
    </if>
    <if test="orderByClause != null">
      order by ${orderByClause}
    </if>
  </select>
  <select id="selectByPrimaryKey" parameterType="java.lang.Long" resultMap="ResultMapWithBLOBs">
    select
    <include refid="Base_Column_List" />
    ,
    <include refid="Blob_Column_List" />
    from userform
    where fzid = #{fzid,jdbcType=BIGINT}
  </select>
  <delete id="deleteByPrimaryKey" parameterType="java.lang.Long">
    delete from userform
    where fzid = #{fzid,jdbcType=BIGINT}
  </delete>
  <delete id="deleteByExample" parameterType="cn.edu.sicnu.cs.model.UserformExample">
    delete from userform
    <if test="_parameter != null">
      <include refid="Example_Where_Clause" />
    </if>
  </delete>
  <insert id="insert" parameterType="cn.edu.sicnu.cs.model.Userform">
    insert into userform (fzid, fid, fuser_id,
      fassignedTo_id, ftitle, ftype,
      fusertype, fcompany_id, fcreatetime,
      fversion_id, faccessory, fpriority,
      fcontactname, fmobile, femail,
      fstatus, ffinishedDate, fviews,
      fcontent)
    values (#{fzid,jdbcType=BIGINT}, #{fid,jdbcType=BIGINT}, #{fuserId,jdbcType=INTEGER},
      #{fassignedtoId,jdbcType=INTEGER}, #{ftitle,jdbcType=VARCHAR}, #{ftype,jdbcType=CHAR},
      #{fusertype,jdbcType=CHAR}, #{fcompanyId,jdbcType=INTEGER}, #{fcreatetime,jdbcType=TIMESTAMP},
      #{fversionId,jdbcType=INTEGER}, #{faccessory,jdbcType=VARCHAR}, #{fpriority,jdbcType=CHAR},
      #{fcontactname,jdbcType=VARCHAR}, #{fmobile,jdbcType=VARCHAR}, #{femail,jdbcType=VARCHAR},
      #{fstatus,jdbcType=CHAR}, #{ffinisheddate,jdbcType=TIMESTAMP}, #{fviews,jdbcType=INTEGER},
      #{fcontent,jdbcType=LONGVARCHAR})
  </insert>
  <insert id="insertSelective" parameterType="cn.edu.sicnu.cs.model.Userform">
    insert into userform
    <trim prefix="(" suffix=")" suffixOverrides=",">
      <if test="fzid != null">
        fzid,
      </if>
      <if test="fid != null">
        fid,
      </if>
      <if test="fuserId != null">
        fuser_id,
      </if>
      <if test="fassignedtoId != null">
        fassignedTo_id,
      </if>
      <if test="ftitle != null">
        ftitle,
      </if>
      <if test="ftype != null">
        ftype,
      </if>
      <if test="fusertype != null">
        fusertype,
      </if>
      <if test="fcompanyId != null">
        fcompany_id,
      </if>
      <if test="fcreatetime != null">
        fcreatetime,
      </if>
      <if test="fversionId != null">
        fversion_id,
      </if>
      <if test="faccessory != null">
        faccessory,
      </if>
      <if test="fpriority != null">
        fpriority,
      </if>
      <if test="fcontactname != null">
        fcontactname,
      </if>
      <if test="fmobile != null">
        fmobile,
      </if>
      <if test="femail != null">
        femail,
      </if>
      <if test="fstatus != null">
        fstatus,
      </if>
      <if test="ffinisheddate != null">
        ffinishedDate,
      </if>
      <if test="fviews != null">
        fviews,
      </if>
      <if test="fcontent != null">
        fcontent,
      </if>
    </trim>
    <trim prefix="values (" suffix=")" suffixOverrides=",">
      <if test="fzid != null">
        #{fzid,jdbcType=BIGINT},
      </if>
      <if test="fid != null">
        #{fid,jdbcType=BIGINT},
      </if>
      <if test="fuserId != null">
        #{fuserId,jdbcType=INTEGER},
      </if>
      <if test="fassignedtoId != null">
        #{fassignedtoId,jdbcType=INTEGER},
      </if>
      <if test="ftitle != null">
        #{ftitle,jdbcType=VARCHAR},
      </if>
      <if test="ftype != null">
        #{ftype,jdbcType=CHAR},
      </if>
      <if test="fusertype != null">
        #{fusertype,jdbcType=CHAR},
      </if>
      <if test="fcompanyId != null">
        #{fcompanyId,jdbcType=INTEGER},
      </if>
      <if test="fcreatetime != null">
        #{fcreatetime,jdbcType=TIMESTAMP},
      </if>
      <if test="fversionId != null">
        #{fversionId,jdbcType=INTEGER},
      </if>
      <if test="faccessory != null">
        #{faccessory,jdbcType=VARCHAR},
      </if>
      <if test="fpriority != null">
        #{fpriority,jdbcType=CHAR},
      </if>
      <if test="fcontactname != null">
        #{fcontactname,jdbcType=VARCHAR},
      </if>
      <if test="fmobile != null">
        #{fmobile,jdbcType=VARCHAR},
      </if>
      <if test="femail != null">
        #{femail,jdbcType=VARCHAR},
      </if>
      <if test="fstatus != null">
        #{fstatus,jdbcType=CHAR},
      </if>
      <if test="ffinisheddate != null">
        #{ffinisheddate,jdbcType=TIMESTAMP},
      </if>
      <if test="fviews != null">
        #{fviews,jdbcType=INTEGER},
      </if>
      <if test="fcontent != null">
        #{fcontent,jdbcType=LONGVARCHAR},
      </if>
    </trim>
  </insert>
  <select id="countByExample" parameterType="cn.edu.sicnu.cs.model.UserformExample" resultType="java.lang.Long">
    select count(*) from userform
    <if test="_parameter != null">
      <include refid="Example_Where_Clause" />
    </if>
  </select>
  <update id="updateByExampleSelective" parameterType="map">
    update userform
    <set>
      <if test="record.fzid != null">
        fzid = #{record.fzid,jdbcType=BIGINT},
      </if>
      <if test="record.fid != null">
        fid = #{record.fid,jdbcType=BIGINT},
      </if>
      <if test="record.fuserId != null">
        fuser_id = #{record.fuserId,jdbcType=INTEGER},
      </if>
      <if test="record.fassignedtoId != null">
        fassignedTo_id = #{record.fassignedtoId,jdbcType=INTEGER},
      </if>
      <if test="record.ftitle != null">
        ftitle = #{record.ftitle,jdbcType=VARCHAR},
      </if>
      <if test="record.ftype != null">
        ftype = #{record.ftype,jdbcType=CHAR},
      </if>
      <if test="record.fusertype != null">
        fusertype = #{record.fusertype,jdbcType=CHAR},
      </if>
      <if test="record.fcompanyId != null">
        fcompany_id = #{record.fcompanyId,jdbcType=INTEGER},
      </if>
      <if test="record.fcreatetime != null">
        fcreatetime = #{record.fcreatetime,jdbcType=TIMESTAMP},
      </if>
      <if test="record.fversionId != null">
        fversion_id = #{record.fversionId,jdbcType=INTEGER},
      </if>
      <if test="record.faccessory != null">
        faccessory = #{record.faccessory,jdbcType=VARCHAR},
      </if>
      <if test="record.fpriority != null">
        fpriority = #{record.fpriority,jdbcType=CHAR},
      </if>
      <if test="record.fcontactname != null">
        fcontactname = #{record.fcontactname,jdbcType=VARCHAR},
      </if>
      <if test="record.fmobile != null">
        fmobile = #{record.fmobile,jdbcType=VARCHAR},
      </if>
      <if test="record.femail != null">
        femail = #{record.femail,jdbcType=VARCHAR},
      </if>
      <if test="record.fstatus != null">
        fstatus = #{record.fstatus,jdbcType=CHAR},
      </if>
      <if test="record.ffinisheddate != null">
        ffinishedDate = #{record.ffinisheddate,jdbcType=TIMESTAMP},
      </if>
      <if test="record.fviews != null">
        fviews = #{record.fviews,jdbcType=INTEGER},
      </if>
      <if test="record.fcontent != null">
        fcontent = #{record.fcontent,jdbcType=LONGVARCHAR},
      </if>
    </set>
    <if test="_parameter != null">
      <include refid="Update_By_Example_Where_Clause" />
    </if>
  </update>
  <update id="updateByExampleWithBLOBs" parameterType="map">
    update userform
    set fzid = #{record.fzid,jdbcType=BIGINT},
    fid = #{record.fid,jdbcType=BIGINT},
    fuser_id = #{record.fuserId,jdbcType=INTEGER},
    fassignedTo_id = #{record.fassignedtoId,jdbcType=INTEGER},
    ftitle = #{record.ftitle,jdbcType=VARCHAR},
    ftype = #{record.ftype,jdbcType=CHAR},
    fusertype = #{record.fusertype,jdbcType=CHAR},
    fcompany_id = #{record.fcompanyId,jdbcType=INTEGER},
    fcreatetime = #{record.fcreatetime,jdbcType=TIMESTAMP},
    fversion_id = #{record.fversionId,jdbcType=INTEGER},
    faccessory = #{record.faccessory,jdbcType=VARCHAR},
    fpriority = #{record.fpriority,jdbcType=CHAR},
    fcontactname = #{record.fcontactname,jdbcType=VARCHAR},
    fmobile = #{record.fmobile,jdbcType=VARCHAR},
    femail = #{record.femail,jdbcType=VARCHAR},
    fstatus = #{record.fstatus,jdbcType=CHAR},
    ffinishedDate = #{record.ffinisheddate,jdbcType=TIMESTAMP},
    fviews = #{record.fviews,jdbcType=INTEGER},
    fcontent = #{record.fcontent,jdbcType=LONGVARCHAR}
    <if test="_parameter != null">
      <include refid="Update_By_Example_Where_Clause" />
    </if>
  </update>
  <update id="updateByExample" parameterType="map">
    update userform
    set fzid = #{record.fzid,jdbcType=BIGINT},
    fid = #{record.fid,jdbcType=BIGINT},
    fuser_id = #{record.fuserId,jdbcType=INTEGER},
    fassignedTo_id = #{record.fassignedtoId,jdbcType=INTEGER},
    ftitle = #{record.ftitle,jdbcType=VARCHAR},
    ftype = #{record.ftype,jdbcType=CHAR},
    fusertype = #{record.fusertype,jdbcType=CHAR},
    fcompany_id = #{record.fcompanyId,jdbcType=INTEGER},
    fcreatetime = #{record.fcreatetime,jdbcType=TIMESTAMP},
    fversion_id = #{record.fversionId,jdbcType=INTEGER},
    faccessory = #{record.faccessory,jdbcType=VARCHAR},
    fpriority = #{record.fpriority,jdbcType=CHAR},
    fcontactname = #{record.fcontactname,jdbcType=VARCHAR},
    fmobile = #{record.fmobile,jdbcType=VARCHAR},
    femail = #{record.femail,jdbcType=VARCHAR},
    fstatus = #{record.fstatus,jdbcType=CHAR},
    ffinishedDate = #{record.ffinisheddate,jdbcType=TIMESTAMP},
    fviews = #{record.fviews,jdbcType=INTEGER}
    <if test="_parameter != null">
      <include refid="Update_By_Example_Where_Clause" />
    </if>
  </update>
  <update id="updateByPrimaryKeySelective" parameterType="cn.edu.sicnu.cs.model.Userform">
    update userform
    <set>
      <if test="fid != null">
        fid = #{fid,jdbcType=BIGINT},
      </if>
      <if test="fuserId != null">
        fuser_id = #{fuserId,jdbcType=INTEGER},
      </if>
      <if test="fassignedtoId != null">
        fassignedTo_id = #{fassignedtoId,jdbcType=INTEGER},
      </if>
      <if test="ftitle != null">
        ftitle = #{ftitle,jdbcType=VARCHAR},
      </if>
      <if test="ftype != null">
        ftype = #{ftype,jdbcType=CHAR},
      </if>
      <if test="fusertype != null">
        fusertype = #{fusertype,jdbcType=CHAR},
      </if>
      <if test="fcompanyId != null">
        fcompany_id = #{fcompanyId,jdbcType=INTEGER},
      </if>
      <if test="fcreatetime != null">
        fcreatetime = #{fcreatetime,jdbcType=TIMESTAMP},
      </if>
      <if test="fversionId != null">
        fversion_id = #{fversionId,jdbcType=INTEGER},
      </if>
      <if test="faccessory != null">
        faccessory = #{faccessory,jdbcType=VARCHAR},
      </if>
      <if test="fpriority != null">
        fpriority = #{fpriority,jdbcType=CHAR},
      </if>
      <if test="fcontactname != null">
        fcontactname = #{fcontactname,jdbcType=VARCHAR},
      </if>
      <if test="fmobile != null">
        fmobile = #{fmobile,jdbcType=VARCHAR},
      </if>
      <if test="femail != null">
        femail = #{femail,jdbcType=VARCHAR},
      </if>
      <if test="fstatus != null">
        fstatus = #{fstatus,jdbcType=CHAR},
      </if>
      <if test="ffinisheddate != null">
        ffinishedDate = #{ffinisheddate,jdbcType=TIMESTAMP},
      </if>
      <if test="fviews != null">
        fviews = #{fviews,jdbcType=INTEGER},
      </if>
      <if test="fcontent != null">
        fcontent = #{fcontent,jdbcType=LONGVARCHAR},
      </if>
    </set>
    where fzid = #{fzid,jdbcType=BIGINT}
  </update>
  <update id="updateByPrimaryKeyWithBLOBs" parameterType="cn.edu.sicnu.cs.model.Userform">
    update userform
    set fid = #{fid,jdbcType=BIGINT},
      fuser_id = #{fuserId,jdbcType=INTEGER},
      fassignedTo_id = #{fassignedtoId,jdbcType=INTEGER},
      ftitle = #{ftitle,jdbcType=VARCHAR},
      ftype = #{ftype,jdbcType=CHAR},
      fusertype = #{fusertype,jdbcType=CHAR},
      fcompany_id = #{fcompanyId,jdbcType=INTEGER},
      fcreatetime = #{fcreatetime,jdbcType=TIMESTAMP},
      fversion_id = #{fversionId,jdbcType=INTEGER},
      faccessory = #{faccessory,jdbcType=VARCHAR},
      fpriority = #{fpriority,jdbcType=CHAR},
      fcontactname = #{fcontactname,jdbcType=VARCHAR},
      fmobile = #{fmobile,jdbcType=VARCHAR},
      femail = #{femail,jdbcType=VARCHAR},
      fstatus = #{fstatus,jdbcType=CHAR},
      ffinishedDate = #{ffinisheddate,jdbcType=TIMESTAMP},
      fviews = #{fviews,jdbcType=INTEGER},
      fcontent = #{fcontent,jdbcType=LONGVARCHAR}
    where fzid = #{fzid,jdbcType=BIGINT}
  </update>
  <update id="updateByPrimaryKey" parameterType="cn.edu.sicnu.cs.model.Userform">
    update userform
    set fid = #{fid,jdbcType=BIGINT},
      fuser_id = #{fuserId,jdbcType=INTEGER},
      fassignedTo_id = #{fassignedtoId,jdbcType=INTEGER},
      ftitle = #{ftitle,jdbcType=VARCHAR},
      ftype = #{ftype,jdbcType=CHAR},
      fusertype = #{fusertype,jdbcType=CHAR},
      fcompany_id = #{fcompanyId,jdbcType=INTEGER},
      fcreatetime = #{fcreatetime,jdbcType=TIMESTAMP},
      fversion_id = #{fversionId,jdbcType=INTEGER},
      faccessory = #{faccessory,jdbcType=VARCHAR},
      fpriority = #{fpriority,jdbcType=CHAR},
      fcontactname = #{fcontactname,jdbcType=VARCHAR},
      fmobile = #{fmobile,jdbcType=VARCHAR},
      femail = #{femail,jdbcType=VARCHAR},
      fstatus = #{fstatus,jdbcType=CHAR},
      ffinishedDate = #{ffinisheddate,jdbcType=TIMESTAMP},
      fviews = #{fviews,jdbcType=INTEGER}
    where fzid = #{fzid,jdbcType=BIGINT}
  </update>
  <update id="updateFviewsByFid">
    update userform set fviews = fviews + 1 where fid = #{fid}
  </update>
</mapper>