<?xml version="1.0" encoding="UTF-8"?>
<!DOCTYPE mapper PUBLIC "-//mybatis.org//DTD Mapper 3.0//EN" "http://mybatis.org/dtd/mybatis-3-mapper.dtd">
<mapper namespace="cn.edu.sicnu.cs.dao.WorkordersMapper">
  <resultMap id="BaseResultMap" type="cn.edu.sicnu.cs.model.Workorders">
    <id column="wzid" jdbcType="BIGINT" property="wzid" />
    <result column="wid" jdbcType="BIGINT" property="wid" />
    <result column="wuserform_id" jdbcType="BIGINT" property="wuserformId" />
    <result column="wname" jdbcType="VARCHAR" property="wname" />
    <result column="worderto" jdbcType="VARCHAR" property="worderto" />
    <result column="wtype" jdbcType="VARCHAR" property="wtype" />
    <result column="wrepeat" jdbcType="VARCHAR" property="wrepeat" />
    <result column="wuser_id" jdbcType="INTEGER" property="wuserId" />
    <result column="wcreattime" jdbcType="TIMESTAMP" property="wcreattime" />
    <result column="waccessory" jdbcType="VARCHAR" property="waccessory" />
    <result column="wos" jdbcType="VARCHAR" property="wos" />
    <result column="wdb" jdbcType="VARCHAR" property="wdb" />
    <result column="wjdk" jdbcType="VARCHAR" property="wjdk" />
    <result column="wpriority" jdbcType="CHAR" property="wpriority" />
    <result column="wstatus" jdbcType="CHAR" property="wstatus" />
    <result column="wmemo" jdbcType="VARCHAR" property="wmemo" />
    <result column="wprincipal_id" jdbcType="INTEGER" property="wprincipalId" />
    <result column="wddl" jdbcType="TIMESTAMP" property="wddl" />
  </resultMap>
  <resultMap extends="BaseResultMap" id="ResultMapWithBLOBs" type="cn.edu.sicnu.cs.model.Workorders">
    <result column="wcontent" jdbcType="LONGVARCHAR" property="wcontent" />
  </resultMap>
  <sql id="Example_Where_Clause">
    <where>
      <foreach collection="oredCriteria" item="criteria" separator="or">
        <if test="criteria.valid">
          <trim prefix="(" prefixOverrides="and" suffix=")">
            <foreach collection="criteria.criteria" item="criterion">
              <choose>
                <when test="criterion.noValue">
                  and ${criterion.condition}
                </when>
                <when test="criterion.singleValue">
                  and ${criterion.condition} #{criterion.value}
                </when>
                <when test="criterion.betweenValue">
                  and ${criterion.condition} #{criterion.value} and #{criterion.secondValue}
                </when>
                <when test="criterion.listValue">
                  and ${criterion.condition}
                  <foreach close=")" collection="criterion.value" item="listItem" open="(" separator=",">
                    #{listItem}
                  </foreach>
                </when>
              </choose>
            </foreach>
          </trim>
        </if>
      </foreach>
    </where>
  </sql>
  <sql id="Update_By_Example_Where_Clause">
    <where>
      <foreach collection="example.oredCriteria" item="criteria" separator="or">
        <if test="criteria.valid">
          <trim prefix="(" prefixOverrides="and" suffix=")">
            <foreach collection="criteria.criteria" item="criterion">
              <choose>
                <when test="criterion.noValue">
                  and ${criterion.condition}
                </when>
                <when test="criterion.singleValue">
                  and ${criterion.condition} #{criterion.value}
                </when>
                <when test="criterion.betweenValue">
                  and ${criterion.condition} #{criterion.value} and #{criterion.secondValue}
                </when>
                <when test="criterion.listValue">
                  and ${criterion.condition}
                  <foreach close=")" collection="criterion.value" item="listItem" open="(" separator=",">
                    #{listItem}
                  </foreach>
                </when>
              </choose>
            </foreach>
          </trim>
        </if>
      </foreach>
    </where>
  </sql>
  <sql id="Base_Column_List">
    wzid, wid, wuserform_id, wname, worderto, wtype, wrepeat, wuser_id, wcreattime, waccessory, 
    wos, wdb, wjdk, wpriority, wstatus, wmemo, wprincipal_id, wddl
  </sql>
  <sql id="Blob_Column_List">
    wcontent
  </sql>

  <select id="findAllSelfWorkOrderList" resultType="java.util.Map">
    select * from workorders,user
    where user.uid = wprincipal_id
    and workorders.wuserform_id
    in (select tfromid from task where task.tassignedTo_id = #{uid})
		limit #{page},#{pagenum};
  </select>
  <select id="findSelfWorkOrderSubmit" resultType="java.util.HashMap">
    select wid,wname,wddl,urealname,wstatus,wpriority
    from workorders a,user
    where user.uid in(select fuser_id from userform where userform.fid = a.wuserform_id)
    and a.wuser_id = #{cid}
    limit #{page},#{pagenum};
  </select>
  <select id="findSelfWorkOrderCntByStatus" resultType="java.lang.Long">
    select count(wid) from workorders where workorders.wstatus = #{status}
    and workorders.wuserform_id
    in (select tfromid from task where task.tassignedTo_id = #{uid})
  </select>
  <select id="findAllSelfWorkOrderCnt" resultType="java.lang.Long">
    select count(wid) from workorders where workorders.wuserform_id
    in (select tfromid from task where task.tassignedTo_id = #{uid})
  </select>
  <select id="findSelfWorkOrderListByStatus" resultType="java.util.HashMap">
    select * from workorders,user
    where workorders.wstatus = #{status}
    and user.uid = wprincipal_id
    and workorders.wuserform_id
    in (select tfromid from task where task.tassignedTo_id = #{uid})
		limit #{page},#{pagenum};
  </select>
  <select id="findWorkOrder" resultType="cn.edu.sicnu.cs.model.Workorders">
    select * from workorders where wid = #{wid};
  </select>
  <select id="findSelfWorkOrderSubmitCnt" resultType="java.lang.Long">
    select count(wuser_id)
    from workorders
    where wuser_id = #{cid}
    group by wuser_id
  </select>
  <select id="searchWorkorder" resultType="java.util.HashMap">
    select * from workorders where wname like #{wname} and wuser_id = #{cid};
  </select>
  <select id="SearchOrder" resultType="java.util.HashMap">
    select * from workorder where wname = #{wname} and wprincipal_id = #{uid}
  </select>

  <select id="selectByExampleWithBLOBs" parameterType="cn.edu.sicnu.cs.model.WorkordersExample" resultMap="ResultMapWithBLOBs">
    select
    <if test="distinct">
      distinct
    </if>
    <include refid="Base_Column_List" />
    ,
    <include refid="Blob_Column_List" />
    from workorders
    <if test="_parameter != null">
      <include refid="Example_Where_Clause" />
    </if>
    <if test="orderByClause != null">
      order by ${orderByClause}
    </if>
  </select>
  <select id="selectByExample" parameterType="cn.edu.sicnu.cs.model.WorkordersExample" resultMap="BaseResultMap">
    select
    <if test="distinct">
      distinct
    </if>
    <include refid="Base_Column_List" />
    from workorders
    <if test="_parameter != null">
      <include refid="Example_Where_Clause" />
    </if>
    <if test="orderByClause != null">
      order by ${orderByClause}
    </if>
  </select>
  <select id="selectByPrimaryKey" parameterType="java.lang.Long" resultMap="ResultMapWithBLOBs">
    select 
    <include refid="Base_Column_List" />
    ,
    <include refid="Blob_Column_List" />
    from workorders
    where wzid = #{wzid,jdbcType=BIGINT}
  </select>
  <delete id="deleteByPrimaryKey" parameterType="java.lang.Long">
    delete from workorders
    where wzid = #{wzid,jdbcType=BIGINT}
  </delete>
  <delete id="deleteByExample" parameterType="cn.edu.sicnu.cs.model.WorkordersExample">
    delete from workorders
    <if test="_parameter != null">
      <include refid="Example_Where_Clause" />
    </if>
  </delete>
  <insert id="insert" parameterType="cn.edu.sicnu.cs.model.Workorders">
    insert into workorders (wzid, wid, wuserform_id, 
      wname, worderto, wtype, 
      wrepeat, wuser_id, wcreattime, 
      waccessory, wos, wdb, 
      wjdk, wpriority, wstatus, 
      wmemo, wprincipal_id, wddl, 
      wcontent)
    values (#{wzid,jdbcType=BIGINT}, #{wid,jdbcType=BIGINT}, #{wuserformId,jdbcType=BIGINT}, 
      #{wname,jdbcType=VARCHAR}, #{worderto,jdbcType=VARCHAR}, #{wtype,jdbcType=VARCHAR}, 
      #{wrepeat,jdbcType=VARCHAR}, #{wuserId,jdbcType=INTEGER}, #{wcreattime,jdbcType=TIMESTAMP}, 
      #{waccessory,jdbcType=VARCHAR}, #{wos,jdbcType=VARCHAR}, #{wdb,jdbcType=VARCHAR}, 
      #{wjdk,jdbcType=VARCHAR}, #{wpriority,jdbcType=CHAR}, #{wstatus,jdbcType=CHAR}, 
      #{wmemo,jdbcType=VARCHAR}, #{wprincipalId,jdbcType=INTEGER}, #{wddl,jdbcType=TIMESTAMP}, 
      #{wcontent,jdbcType=LONGVARCHAR})
  </insert>
  <insert id="insertSelective" parameterType="cn.edu.sicnu.cs.model.Workorders">
    insert into workorders
    <trim prefix="(" suffix=")" suffixOverrides=",">
      <if test="wzid != null">
        wzid,
      </if>
      <if test="wid != null">
        wid,
      </if>
      <if test="wuserformId != null">
        wuserform_id,
      </if>
      <if test="wname != null">
        wname,
      </if>
      <if test="worderto != null">
        worderto,
      </if>
      <if test="wtype != null">
        wtype,
      </if>
      <if test="wrepeat != null">
        wrepeat,
      </if>
      <if test="wuserId != null">
        wuser_id,
      </if>
      <if test="wcreattime != null">
        wcreattime,
      </if>
      <if test="waccessory != null">
        waccessory,
      </if>
      <if test="wos != null">
        wos,
      </if>
      <if test="wdb != null">
        wdb,
      </if>
      <if test="wjdk != null">
        wjdk,
      </if>
      <if test="wpriority != null">
        wpriority,
      </if>
      <if test="wstatus != null">
        wstatus,
      </if>
      <if test="wmemo != null">
        wmemo,
      </if>
      <if test="wprincipalId != null">
        wprincipal_id,
      </if>
      <if test="wddl != null">
        wddl,
      </if>
      <if test="wcontent != null">
        wcontent,
      </if>
    </trim>
    <trim prefix="values (" suffix=")" suffixOverrides=",">
      <if test="wzid != null">
        #{wzid,jdbcType=BIGINT},
      </if>
      <if test="wid != null">
        #{wid,jdbcType=BIGINT},
      </if>
      <if test="wuserformId != null">
        #{wuserformId,jdbcType=BIGINT},
      </if>
      <if test="wname != null">
        #{wname,jdbcType=VARCHAR},
      </if>
      <if test="worderto != null">
        #{worderto,jdbcType=VARCHAR},
      </if>
      <if test="wtype != null">
        #{wtype,jdbcType=VARCHAR},
      </if>
      <if test="wrepeat != null">
        #{wrepeat,jdbcType=VARCHAR},
      </if>
      <if test="wuserId != null">
        #{wuserId,jdbcType=INTEGER},
      </if>
      <if test="wcreattime != null">
        #{wcreattime,jdbcType=TIMESTAMP},
      </if>
      <if test="waccessory != null">
        #{waccessory,jdbcType=VARCHAR},
      </if>
      <if test="wos != null">
        #{wos,jdbcType=VARCHAR},
      </if>
      <if test="wdb != null">
        #{wdb,jdbcType=VARCHAR},
      </if>
      <if test="wjdk != null">
        #{wjdk,jdbcType=VARCHAR},
      </if>
      <if test="wpriority != null">
        #{wpriority,jdbcType=CHAR},
      </if>
      <if test="wstatus != null">
        #{wstatus,jdbcType=CHAR},
      </if>
      <if test="wmemo != null">
        #{wmemo,jdbcType=VARCHAR},
      </if>
      <if test="wprincipalId != null">
        #{wprincipalId,jdbcType=INTEGER},
      </if>
      <if test="wddl != null">
        #{wddl,jdbcType=TIMESTAMP},
      </if>
      <if test="wcontent != null">
        #{wcontent,jdbcType=LONGVARCHAR},
      </if>
    </trim>
  </insert>
  <select id="countByExample" parameterType="cn.edu.sicnu.cs.model.WorkordersExample" resultType="java.lang.Long">
    select count(*) from workorders
    <if test="_parameter != null">
      <include refid="Example_Where_Clause" />
    </if>
  </select>
  <select id="selectByStatus" resultType="cn.edu.sicnu.cs.pojo.WorkOrderPojo">
      select * from workorders  where wstatus = #{status} and worderto = '工程师'
      limit #{page},#{pagenum}
    </select>
  <select id="findAllWorkorders" resultType="cn.edu.sicnu.cs.pojo.WorkOrderPojo">
      select * from workorders where worderto = '工程师' limit #{pagenum},#{pagesize}
  </select>
  <select id="CountByStatus" resultType="java.lang.Integer">
    select count(*) from workorders where wstatus = #{status} and worderto = '工程师'
  </select>
  <select id="CountAllOrders" resultType="java.lang.Integer">
    select count(*) from workorders where worderto = '工程师'
  </select>
  <select id="selectWorkOrderByFzid" resultType="cn.edu.sicnu.cs.pojo.WorkOrderPojo">
    select * from workorders where wprincipal_id = #{fzid} and worderto = '工程师' limit #{pagenum},#{pagesize}
  </select>
  <update id="updateByExampleSelective" parameterType="map">
    update workorders
    <set>
      <if test="record.wzid != null">
        wzid = #{record.wzid,jdbcType=BIGINT},
      </if>
      <if test="record.wid != null">
        wid = #{record.wid,jdbcType=BIGINT},
      </if>
      <if test="record.wuserformId != null">
        wuserform_id = #{record.wuserformId,jdbcType=BIGINT},
      </if>
      <if test="record.wname != null">
        wname = #{record.wname,jdbcType=VARCHAR},
      </if>
      <if test="record.worderto != null">
        worderto = #{record.worderto,jdbcType=VARCHAR},
      </if>
      <if test="record.wtype != null">
        wtype = #{record.wtype,jdbcType=VARCHAR},
      </if>
      <if test="record.wrepeat != null">
        wrepeat = #{record.wrepeat,jdbcType=VARCHAR},
      </if>
      <if test="record.wuserId != null">
        wuser_id = #{record.wuserId,jdbcType=INTEGER},
      </if>
      <if test="record.wcreattime != null">
        wcreattime = #{record.wcreattime,jdbcType=TIMESTAMP},
      </if>
      <if test="record.waccessory != null">
        waccessory = #{record.waccessory,jdbcType=VARCHAR},
      </if>
      <if test="record.wos != null">
        wos = #{record.wos,jdbcType=VARCHAR},
      </if>
      <if test="record.wdb != null">
        wdb = #{record.wdb,jdbcType=VARCHAR},
      </if>
      <if test="record.wjdk != null">
        wjdk = #{record.wjdk,jdbcType=VARCHAR},
      </if>
      <if test="record.wpriority != null">
        wpriority = #{record.wpriority,jdbcType=CHAR},
      </if>
      <if test="record.wstatus != null">
        wstatus = #{record.wstatus,jdbcType=CHAR},
      </if>
      <if test="record.wmemo != null">
        wmemo = #{record.wmemo,jdbcType=VARCHAR},
      </if>
      <if test="record.wprincipalId != null">
        wprincipal_id = #{record.wprincipalId,jdbcType=INTEGER},
      </if>
      <if test="record.wddl != null">
        wddl = #{record.wddl,jdbcType=TIMESTAMP},
      </if>
      <if test="record.wcontent != null">
        wcontent = #{record.wcontent,jdbcType=LONGVARCHAR},
      </if>
    </set>
    <if test="_parameter != null">
      <include refid="Update_By_Example_Where_Clause" />
    </if>
  </update>
  <update id="updateByExampleWithBLOBs" parameterType="map">
    update workorders
    set wzid = #{record.wzid,jdbcType=BIGINT},
      wid = #{record.wid,jdbcType=BIGINT},
      wuserform_id = #{record.wuserformId,jdbcType=BIGINT},
      wname = #{record.wname,jdbcType=VARCHAR},
      worderto = #{record.worderto,jdbcType=VARCHAR},
      wtype = #{record.wtype,jdbcType=VARCHAR},
      wrepeat = #{record.wrepeat,jdbcType=VARCHAR},
      wuser_id = #{record.wuserId,jdbcType=INTEGER},
      wcreattime = #{record.wcreattime,jdbcType=TIMESTAMP},
      waccessory = #{record.waccessory,jdbcType=VARCHAR},
      wos = #{record.wos,jdbcType=VARCHAR},
      wdb = #{record.wdb,jdbcType=VARCHAR},
      wjdk = #{record.wjdk,jdbcType=VARCHAR},
      wpriority = #{record.wpriority,jdbcType=CHAR},
      wstatus = #{record.wstatus,jdbcType=CHAR},
      wmemo = #{record.wmemo,jdbcType=VARCHAR},
      wprincipal_id = #{record.wprincipalId,jdbcType=INTEGER},
      wddl = #{record.wddl,jdbcType=TIMESTAMP},
      wcontent = #{record.wcontent,jdbcType=LONGVARCHAR}
    <if test="_parameter != null">
      <include refid="Update_By_Example_Where_Clause" />
    </if>
  </update>
  <update id="updateByExample" parameterType="map">
    update workorders
    set wzid = #{record.wzid,jdbcType=BIGINT},
      wid = #{record.wid,jdbcType=BIGINT},
      wuserform_id = #{record.wuserformId,jdbcType=BIGINT},
      wname = #{record.wname,jdbcType=VARCHAR},
      worderto = #{record.worderto,jdbcType=VARCHAR},
      wtype = #{record.wtype,jdbcType=VARCHAR},
      wrepeat = #{record.wrepeat,jdbcType=VARCHAR},
      wuser_id = #{record.wuserId,jdbcType=INTEGER},
      wcreattime = #{record.wcreattime,jdbcType=TIMESTAMP},
      waccessory = #{record.waccessory,jdbcType=VARCHAR},
      wos = #{record.wos,jdbcType=VARCHAR},
      wdb = #{record.wdb,jdbcType=VARCHAR},
      wjdk = #{record.wjdk,jdbcType=VARCHAR},
      wpriority = #{record.wpriority,jdbcType=CHAR},
      wstatus = #{record.wstatus,jdbcType=CHAR},
      wmemo = #{record.wmemo,jdbcType=VARCHAR},
      wprincipal_id = #{record.wprincipalId,jdbcType=INTEGER},
      wddl = #{record.wddl,jdbcType=TIMESTAMP}
    <if test="_parameter != null">
      <include refid="Update_By_Example_Where_Clause" />
    </if>
  </update>
  <update id="updateByPrimaryKeySelective" parameterType="cn.edu.sicnu.cs.model.Workorders">
    update workorders
    <set>
      <if test="wid != null">
        wid = #{wid,jdbcType=BIGINT},
      </if>
      <if test="wuserformId != null">
        wuserform_id = #{wuserformId,jdbcType=BIGINT},
      </if>
      <if test="wname != null">
        wname = #{wname,jdbcType=VARCHAR},
      </if>
      <if test="worderto != null">
        worderto = #{worderto,jdbcType=VARCHAR},
      </if>
      <if test="wtype != null">
        wtype = #{wtype,jdbcType=VARCHAR},
      </if>
      <if test="wrepeat != null">
        wrepeat = #{wrepeat,jdbcType=VARCHAR},
      </if>
      <if test="wuserId != null">
        wuser_id = #{wuserId,jdbcType=INTEGER},
      </if>
      <if test="wcreattime != null">
        wcreattime = #{wcreattime,jdbcType=TIMESTAMP},
      </if>
      <if test="waccessory != null">
        waccessory = #{waccessory,jdbcType=VARCHAR},
      </if>
      <if test="wos != null">
        wos = #{wos,jdbcType=VARCHAR},
      </if>
      <if test="wdb != null">
        wdb = #{wdb,jdbcType=VARCHAR},
      </if>
      <if test="wjdk != null">
        wjdk = #{wjdk,jdbcType=VARCHAR},
      </if>
      <if test="wpriority != null">
        wpriority = #{wpriority,jdbcType=CHAR},
      </if>
      <if test="wstatus != null">
        wstatus = #{wstatus,jdbcType=CHAR},
      </if>
      <if test="wmemo != null">
        wmemo = #{wmemo,jdbcType=VARCHAR},
      </if>
      <if test="wprincipalId != null">
        wprincipal_id = #{wprincipalId,jdbcType=INTEGER},
      </if>
      <if test="wddl != null">
        wddl = #{wddl,jdbcType=TIMESTAMP},
      </if>
      <if test="wcontent != null">
        wcontent = #{wcontent,jdbcType=LONGVARCHAR},
      </if>
    </set>
    where wzid = #{wzid,jdbcType=BIGINT}
  </update>
  <update id="updateByPrimaryKeyWithBLOBs" parameterType="cn.edu.sicnu.cs.model.Workorders">
    update workorders
    set wid = #{wid,jdbcType=BIGINT},
      wuserform_id = #{wuserformId,jdbcType=BIGINT},
      wname = #{wname,jdbcType=VARCHAR},
      worderto = #{worderto,jdbcType=VARCHAR},
      wtype = #{wtype,jdbcType=VARCHAR},
      wrepeat = #{wrepeat,jdbcType=VARCHAR},
      wuser_id = #{wuserId,jdbcType=INTEGER},
      wcreattime = #{wcreattime,jdbcType=TIMESTAMP},
      waccessory = #{waccessory,jdbcType=VARCHAR},
      wos = #{wos,jdbcType=VARCHAR},
      wdb = #{wdb,jdbcType=VARCHAR},
      wjdk = #{wjdk,jdbcType=VARCHAR},
      wpriority = #{wpriority,jdbcType=CHAR},
      wstatus = #{wstatus,jdbcType=CHAR},
      wmemo = #{wmemo,jdbcType=VARCHAR},
      wprincipal_id = #{wprincipalId,jdbcType=INTEGER},
      wddl = #{wddl,jdbcType=TIMESTAMP},
      wcontent = #{wcontent,jdbcType=LONGVARCHAR}
    where wzid = #{wzid,jdbcType=BIGINT}
  </update>
  <update id="updateByPrimaryKey" parameterType="cn.edu.sicnu.cs.model.Workorders">
    update workorders
    set wid = #{wid,jdbcType=BIGINT},
      wuserform_id = #{wuserformId,jdbcType=BIGINT},
      wname = #{wname,jdbcType=VARCHAR},
      worderto = #{worderto,jdbcType=VARCHAR},
      wtype = #{wtype,jdbcType=VARCHAR},
      wrepeat = #{wrepeat,jdbcType=VARCHAR},
      wuser_id = #{wuserId,jdbcType=INTEGER},
      wcreattime = #{wcreattime,jdbcType=TIMESTAMP},
      waccessory = #{waccessory,jdbcType=VARCHAR},
      wos = #{wos,jdbcType=VARCHAR},
      wdb = #{wdb,jdbcType=VARCHAR},
      wjdk = #{wjdk,jdbcType=VARCHAR},
      wpriority = #{wpriority,jdbcType=CHAR},
      wstatus = #{wstatus,jdbcType=CHAR},
      wmemo = #{wmemo,jdbcType=VARCHAR},
      wprincipal_id = #{wprincipalId,jdbcType=INTEGER},
      wddl = #{wddl,jdbcType=TIMESTAMP}
    where wzid = #{wzid,jdbcType=BIGINT}
  </update>
  <update id="checkUpdateStatusByWid">
      update workorders set wstatus = #{check} where wid = #{wid}
  </update>
  <update id="allocateUpdateStatusByWid">
      update workorders
      set wprincipal_id = (select uid from user where urealname = #{name})
      ,wstatus = '2'
      where wid = #{wid}
  </update>
  <update id="finishUpdateStatusByWid">
      update workorders set wstatus = '3',wddl = #{day} where wid = #{wid}
  </update>


</mapper>