<?xml version="1.0" encoding="UTF-8"?>
<!DOCTYPE generatorConfiguration
        PUBLIC "-//mybatis.org//DTD MyBatis Generator Configuration 1.0//EN"
        "http://mybatis.org/dtd/mybatis-generator-config_1_0.dtd">

<generatorConfiguration>
    <!-- 设置为MyBatis3Simple会少一些example文件 -->
    <context id="DB2Tables" targetRuntime="MyBatis3">


        <!-- 默认为false，当为true时会删除注释，方便阅读代码 -->
        <commentGenerator>
            <property name="suppressAllComments" value="true" />
        </commentGenerator>


        <!-- jdbc连接 -->
        <jdbcConnection driverClass="com.mysql.cj.jdbc.Driver"
                        connectionURL="jdbc:mysql://localhost:3306/software?useSSL=true&amp;useUnicode=true&amp;characterEncoding=UTF-8&amp;serverTimezone=Asia/Shanghai"
                        userId="root"
                        password="123456789">
            <property name="nullCatalogMeansCurrent" value="true"/>
        </jdbcConnection>



        <!-- 类型转换 -->
        <javaTypeResolver >
            <!-- 是否使用bigDecimal， false可自动转化以下类型（Long, Integer, Short, etc.） -->
            <property name="forceBigDecimals" value="false" />
        </javaTypeResolver>


        <!-- 生成实体类的包名和位置 注意targetProject的值为实体类放在工程中具体位置的相对路径，-->
        <javaModelGenerator targetPackage="cn.edu.sicnu.cs.model" targetProject="C:\Users\Administrator\Desktop\software2\software\src\main\java">
            <!-- enableSubPackages:是否让schema作为包的后缀 -->
            <property name="enableSubPackages" value="true" />
            <!-- 是否针对string类型的字段在set的时候进行trim调用 -->
            <property name="trimStrings" value="true" />
        </javaModelGenerator>


        <!-- 生成的SQLMapper映射文件包名和位置 -->
        <sqlMapGenerator targetPackage="mappers"  targetProject="C:\Users\Administrator\Desktop\software2\software\src\main\resources">
            <property name="enableSubPackages" value="true" />
        </sqlMapGenerator>


        <!-- 生成DAO的包名和位置 -->
        <javaClientGenerator type="XMLMAPPER" targetPackage="cn.edu.sicnu.cs.dao"  targetProject="C:\Users\Administrator\Desktop\software2\software\src\main\java">
            <property name="enableSubPackages" value="true" />
        </javaClientGenerator>

        <!-- 配置表信息 -->
        <!-- schema即为数据库名 tableName为对应的数据库表 domainObjectName是要生成的实体类名


    	所以你想要自动生成哪个数据库哪个表的对应文件，就直接在这里添加就好了-->
        <table schema="software" tableName="userform" domainObjectName="Userform" />


    </context>
</generatorConfiguration>
